Customer ID,X,Y,W,H,Gender,Emotion,Race,Age,Frame No,Suspecious
0,267,189,55,55,Man,neutral,asian,26,4,0
0,1050,295,83,83,Man,sad,asian,33,107,0
1,1050,295,83,83,Man,sad,asian,33,107,0
0,1042,293,91,91,Man,sad,white,33,108,0
0,1046,294,80,80,Man,sad,white,32,109,0
0,718,316,234,234,Man,sad,white,27,312,1
1,718,316,234,234,Man,sad,white,27,312,1
2,718,316,234,234,Man,sad,white,27,312,1
0,561,194,78,78,Man,neutral,latino hispanic,25,352,0
1,561,194,78,78,Man,neutral,latino hispanic,25,352,0
2,561,194,78,78,Man,neutral,latino hispanic,25,352,0
3,561,194,78,78,Man,neutral,latino hispanic,25,352,0
0,209,211,143,143,Man,sad,white,24,361,1
1,209,211,143,143,Man,sad,white,24,361,1
0,203,207,156,156,Man,neutral,white,25,362,1
1,203,207,156,156,Man,neutral,white,25,362,1
0,912,63,160,160,Man,angry,indian,26,448,0
1,912,63,160,160,Man,angry,indian,26,448,0
2,912,63,160,160,Man,angry,indian,26,448,0
3,912,63,160,160,Man,angry,indian,26,448,0
4,912,63,160,160,Man,angry,indian,26,448,0
0,922,70,160,160,Man,angry,indian,27,449,0
1,922,70,160,160,Man,angry,indian,27,449,0
2,922,70,160,160,Man,angry,indian,27,449,0
3,922,70,160,160,Man,angry,indian,27,449,0
0,1044,38,163,163,Man,angry,indian,28,460,0
1,1044,38,163,163,Man,angry,indian,28,460,0
2,1044,38,163,163,Man,angry,indian,28,460,0
3,1044,38,163,163,Man,angry,indian,28,460,0
0,1065,40,155,155,Man,angry,indian,27,461,0
1,1065,40,155,155,Man,angry,indian,27,461,0
2,1065,40,155,155,Man,angry,indian,27,461,0
3,1065,40,155,155,Man,angry,indian,27,461,0
0,680,437,58,58,Man,sad,white,24,556,1
1,680,437,58,58,Man,sad,white,24,556,1
2,680,437,58,58,Man,sad,white,24,556,1
3,680,437,58,58,Man,sad,white,24,556,1
4,680,437,58,58,Man,sad,white,24,556,1
5,680,437,58,58,Man,sad,white,24,556,1
0,1042,175,108,108,Man,angry,white,29,601,0
1,1042,175,108,108,Man,angry,white,29,601,0
2,1042,175,108,108,Man,angry,white,29,601,0
3,1042,175,108,108,Man,angry,white,29,601,0
4,1042,175,108,108,Man,angry,white,29,601,0
0,1047,172,112,112,Man,fear,white,27,602,0
1,1047,172,112,112,Man,fear,white,27,602,0
2,1047,172,112,112,Man,fear,white,27,602,0
3,1047,172,112,112,Man,fear,white,27,602,0
4,1047,172,112,112,Man,fear,white,27,602,0
0,1056,168,117,117,Man,fear,white,24,603,1
1,1056,168,117,117,Man,fear,white,24,603,1
2,1056,168,117,117,Man,fear,white,24,603,1
3,1056,168,117,117,Man,fear,white,24,603,1
4,1056,168,117,117,Man,fear,white,24,603,1
5,1056,168,117,117,Man,fear,white,24,603,1
6,1056,168,117,117,Man,fear,white,24,603,1
0,894,48,137,137,Man,neutral,indian,30,628,0
1,894,48,137,137,Man,neutral,indian,30,628,0
2,894,48,137,137,Man,neutral,indian,30,628,0
3,894,48,137,137,Man,neutral,indian,30,628,0
4,894,48,137,137,Man,neutral,indian,30,628,0
0,890,54,137,137,Man,neutral,indian,29,629,0
1,890,54,137,137,Man,neutral,indian,29,629,0
2,890,54,137,137,Man,neutral,indian,29,629,0
3,890,54,137,137,Man,neutral,indian,29,629,0
4,890,54,137,137,Man,neutral,indian,29,629,0
0,864,61,137,137,Man,neutral,indian,29,632,0
1,864,61,137,137,Man,neutral,indian,29,632,0
2,864,61,137,137,Man,neutral,indian,29,632,0
3,864,61,137,137,Man,neutral,indian,29,632,0
4,864,61,137,137,Man,neutral,indian,29,632,0
0,805,22,140,140,Man,sad,indian,30,640,0
1,805,22,140,140,Man,sad,indian,30,640,0
2,805,22,140,140,Man,sad,indian,30,640,0
3,805,22,140,140,Man,sad,indian,30,640,0
4,805,22,140,140,Man,sad,indian,30,640,0
0,799,20,145,145,Man,neutral,indian,32,641,0
1,799,20,145,145,Man,neutral,indian,32,641,0
2,799,20,145,145,Man,neutral,indian,32,641,0
3,799,20,145,145,Man,neutral,indian,32,641,0
4,799,20,145,145,Man,neutral,indian,32,641,0
0,780,43,147,147,Man,neutral,indian,30,646,0
1,780,43,147,147,Man,neutral,indian,30,646,0
2,780,43,147,147,Man,neutral,indian,30,646,0
3,780,43,147,147,Man,neutral,indian,30,646,0
4,780,43,147,147,Man,neutral,indian,30,646,0
0,780,49,146,146,Man,neutral,indian,30,647,0
1,780,49,146,146,Man,neutral,indian,30,647,0
2,780,49,146,146,Man,neutral,indian,30,647,0
3,780,49,146,146,Man,neutral,indian,30,647,0
4,780,49,146,146,Man,neutral,indian,30,647,0
0,784,45,144,144,Man,neutral,indian,28,649,0
1,784,45,144,144,Man,neutral,indian,28,649,0
2,784,45,144,144,Man,neutral,indian,28,649,0
3,784,45,144,144,Man,neutral,indian,28,649,0
4,784,45,144,144,Man,neutral,indian,28,649,0
0,776,16,145,145,Man,fear,indian,29,654,0
1,776,16,145,145,Man,fear,indian,29,654,0
2,776,16,145,145,Man,fear,indian,29,654,0
3,776,16,145,145,Man,fear,indian,29,654,0
0,1146,122,127,127,Man,happy,latino hispanic,28,691,0
1,1146,122,127,127,Man,happy,latino hispanic,28,691,0
2,1146,122,127,127,Man,happy,latino hispanic,28,691,0
3,1146,122,127,127,Man,happy,latino hispanic,28,691,0
4,1146,122,127,127,Man,happy,latino hispanic,28,691,0
5,1146,122,127,127,Man,happy,latino hispanic,28,691,0
6,1146,122,127,127,Man,happy,latino hispanic,28,691,0
7,1146,122,127,127,Man,happy,latino hispanic,28,691,0
0,866,16,163,163,Man,sad,indian,33,692,0
1,866,16,163,163,Man,sad,indian,33,692,0
2,866,16,163,163,Man,sad,indian,33,692,0
3,866,16,163,163,Man,sad,indian,33,692,0
0,1126,126,140,140,Man,happy,indian,30,693,0
1,1126,126,140,140,Man,happy,indian,30,693,0
2,1126,126,140,140,Man,happy,indian,30,693,0
3,1126,126,140,140,Man,happy,indian,30,693,0
4,1126,126,140,140,Man,happy,indian,30,693,0
5,1126,126,140,140,Man,happy,indian,30,693,0
6,1126,126,140,140,Man,happy,indian,30,693,0
0,871,16,174,174,Man,neutral,indian,32,693,0
1,871,16,174,174,Man,neutral,indian,32,693,0
2,871,16,174,174,Man,neutral,indian,32,693,0
3,871,16,174,174,Man,neutral,indian,32,693,0
4,871,16,174,174,Man,neutral,indian,32,693,0
5,871,16,174,174,Man,neutral,indian,32,693,0
6,871,16,174,174,Man,neutral,indian,32,693,0
7,871,16,174,174,Man,neutral,indian,32,693,0
8,871,16,174,174,Man,neutral,indian,32,693,0
0,1115,130,144,144,Man,happy,indian,31,694,0
1,1115,130,144,144,Man,happy,indian,31,694,0
2,1115,130,144,144,Man,happy,indian,31,694,0
3,1115,130,144,144,Man,happy,indian,31,694,0
4,1115,130,144,144,Man,happy,indian,31,694,0
5,1115,130,144,144,Man,happy,indian,31,694,0
6,1115,130,144,144,Man,happy,indian,31,694,0
0,879,20,170,170,Man,sad,indian,32,694,0
1,879,20,170,170,Man,sad,indian,32,694,0
2,879,20,170,170,Man,sad,indian,32,694,0
3,879,20,170,170,Man,sad,indian,32,694,0
0,1101,129,150,150,Man,happy,indian,33,695,0
1,1101,129,150,150,Man,happy,indian,33,695,0
2,1101,129,150,150,Man,happy,indian,33,695,0
3,1101,129,150,150,Man,happy,indian,33,695,0
4,1101,129,150,150,Man,happy,indian,33,695,0
5,1101,129,150,150,Man,happy,indian,33,695,0
6,1101,129,150,150,Man,happy,indian,33,695,0
0,1091,128,144,144,Man,happy,indian,30,696,1
1,1091,128,144,144,Man,happy,indian,30,696,1
2,1091,128,144,144,Man,happy,indian,30,696,1
3,1091,128,144,144,Man,happy,indian,30,696,1
4,1091,128,144,144,Man,happy,indian,30,696,1
5,1091,128,144,144,Man,happy,indian,30,696,1
6,1091,128,144,144,Man,happy,indian,30,696,1
0,1079,124,140,140,Man,happy,latino hispanic,39,697,1
1,1079,124,140,140,Man,happy,latino hispanic,39,697,1
2,1079,124,140,140,Man,happy,latino hispanic,39,697,1
3,1079,124,140,140,Man,happy,latino hispanic,39,697,1
4,1079,124,140,140,Man,happy,latino hispanic,39,697,1
5,1079,124,140,140,Man,happy,latino hispanic,39,697,1
6,1079,124,140,140,Man,happy,latino hispanic,39,697,1
0,1063,119,144,144,Man,sad,latino hispanic,30,698,1
1,1063,119,144,144,Man,sad,latino hispanic,30,698,1
2,1063,119,144,144,Man,sad,latino hispanic,30,698,1
3,1063,119,144,144,Man,sad,latino hispanic,30,698,1
4,1063,119,144,144,Man,sad,latino hispanic,30,698,1
5,1063,119,144,144,Man,sad,latino hispanic,30,698,1
6,1063,119,144,144,Man,sad,latino hispanic,30,698,1
0,96,364,112,112,Man,sad,white,26,698,0
1,96,364,112,112,Man,sad,white,26,698,0
2,96,364,112,112,Man,sad,white,26,698,0
3,96,364,112,112,Man,sad,white,26,698,0
4,96,364,112,112,Man,sad,white,26,698,0
0,1055,116,140,140,Man,fear,white,32,699,1
1,1055,116,140,140,Man,fear,white,32,699,1
2,1055,116,140,140,Man,fear,white,32,699,1
3,1055,116,140,140,Man,fear,white,32,699,1
4,1055,116,140,140,Man,fear,white,32,699,1
5,1055,116,140,140,Man,fear,white,32,699,1
6,1055,116,140,140,Man,fear,white,32,699,1
7,1055,116,140,140,Man,fear,white,32,699,1
8,1055,116,140,140,Man,fear,white,32,699,1
9,1055,116,140,140,Man,fear,white,32,699,1
0,1051,113,133,133,Man,neutral,white,31,700,1
1,1051,113,133,133,Man,neutral,white,31,700,1
2,1051,113,133,133,Man,neutral,white,31,700,1
3,1051,113,133,133,Man,neutral,white,31,700,1
4,1051,113,133,133,Man,neutral,white,31,700,1
5,1051,113,133,133,Man,neutral,white,31,700,1
0,1049,109,135,135,Man,angry,white,32,701,1
1,1049,109,135,135,Man,angry,white,32,701,1
2,1049,109,135,135,Man,angry,white,32,701,1
3,1049,109,135,135,Man,angry,white,32,701,1
4,1049,109,135,135,Man,angry,white,32,701,1
5,1049,109,135,135,Man,angry,white,32,701,1
0,1055,112,132,132,Man,angry,white,35,702,1
1,1055,112,132,132,Man,angry,white,35,702,1
2,1055,112,132,132,Man,angry,white,35,702,1
3,1055,112,132,132,Man,angry,white,35,702,1
4,1055,112,132,132,Man,angry,white,35,702,1
5,1055,112,132,132,Man,angry,white,35,702,1
0,1055,111,144,144,Man,angry,white,36,703,1
1,1055,111,144,144,Man,angry,white,36,703,1
2,1055,111,144,144,Man,angry,white,36,703,1
3,1055,111,144,144,Man,angry,white,36,703,1
4,1055,111,144,144,Man,angry,white,36,703,1
5,1055,111,144,144,Man,angry,white,36,703,1
0,686,187,147,147,Man,sad,indian,27,703,1
1,686,187,147,147,Man,sad,indian,27,703,1
2,686,187,147,147,Man,sad,indian,27,703,1
3,686,187,147,147,Man,sad,indian,27,703,1
0,724,216,138,138,Man,fear,asian,26,711,1
1,724,216,138,138,Man,fear,asian,26,711,1
0,723,213,141,141,Man,sad,asian,26,712,1
1,723,213,141,141,Man,sad,asian,26,712,1
2,723,213,141,141,Man,sad,asian,26,712,1
3,723,213,141,141,Man,sad,asian,26,712,1
4,723,213,141,141,Man,sad,asian,26,712,1
5,723,213,141,141,Man,sad,asian,26,712,1
6,723,213,141,141,Man,sad,asian,26,712,1
7,723,213,141,141,Man,sad,asian,26,712,1
8,723,213,141,141,Man,sad,asian,26,712,1
9,723,213,141,141,Man,sad,asian,26,712,1
10,723,213,141,141,Man,sad,asian,26,712,1
0,724,217,139,139,Man,sad,asian,26,713,1
1,724,217,139,139,Man,sad,asian,26,713,1
0,725,226,137,137,Man,sad,asian,26,715,1
1,725,226,137,137,Man,sad,asian,26,715,1
0,722,232,138,138,Man,angry,asian,26,716,0
1,722,232,138,138,Man,angry,asian,26,716,0
0,621,181,160,160,Man,sad,indian,29,717,0
1,621,181,160,160,Man,sad,indian,29,717,0
2,621,181,160,160,Man,sad,indian,29,717,0
3,621,181,160,160,Man,sad,indian,29,717,0
0,624,182,163,163,Man,sad,indian,28,718,0
1,624,182,163,163,Man,sad,indian,28,718,0
2,624,182,163,163,Man,sad,indian,28,718,0
3,624,182,163,163,Man,sad,indian,28,718,0
4,624,182,163,163,Man,sad,indian,28,718,0
5,624,182,163,163,Man,sad,indian,28,718,0
6,624,182,163,163,Man,sad,indian,28,718,0
7,624,182,163,163,Man,sad,indian,28,718,0
8,624,182,163,163,Man,sad,indian,28,718,0
9,624,182,163,163,Man,sad,indian,28,718,0
10,624,182,163,163,Man,sad,indian,28,718,0
11,624,182,163,163,Man,sad,indian,28,718,0
0,631,180,170,170,Man,sad,indian,28,719,0
1,631,180,170,170,Man,sad,indian,28,719,0
2,631,180,170,170,Man,sad,indian,28,719,0
3,631,180,170,170,Man,sad,indian,28,719,0
4,631,180,170,170,Man,sad,indian,28,719,0
5,631,180,170,170,Man,sad,indian,28,719,0
6,631,180,170,170,Man,sad,indian,28,719,0
7,631,180,170,170,Man,sad,indian,28,719,0
8,631,180,170,170,Man,sad,indian,28,719,0
9,631,180,170,170,Man,sad,indian,28,719,0
10,631,180,170,170,Man,sad,indian,28,719,0
0,638,186,168,168,Man,sad,indian,30,720,0
1,638,186,168,168,Man,sad,indian,30,720,0
2,638,186,168,168,Man,sad,indian,30,720,0
3,638,186,168,168,Man,sad,indian,30,720,0
4,638,186,168,168,Man,sad,indian,30,720,0
5,638,186,168,168,Man,sad,indian,30,720,0
6,638,186,168,168,Man,sad,indian,30,720,0
7,638,186,168,168,Man,sad,indian,30,720,0
8,638,186,168,168,Man,sad,indian,30,720,0
9,638,186,168,168,Man,sad,indian,30,720,0
10,638,186,168,168,Man,sad,indian,30,720,0
0,656,196,157,157,Man,sad,indian,29,721,0
1,656,196,157,157,Man,sad,indian,29,721,0
2,656,196,157,157,Man,sad,indian,29,721,0
3,656,196,157,157,Man,sad,indian,29,721,0
0,667,197,165,165,Man,sad,indian,27,722,0
1,667,197,165,165,Man,sad,indian,27,722,0
2,667,197,165,165,Man,sad,indian,27,722,0
3,667,197,165,165,Man,sad,indian,27,722,0
0,685,199,159,159,Man,sad,indian,28,723,0
1,685,199,159,159,Man,sad,indian,28,723,0
2,685,199,159,159,Man,sad,indian,28,723,0
3,685,199,159,159,Man,sad,indian,28,723,0
4,685,199,159,159,Man,sad,indian,28,723,0
5,685,199,159,159,Man,sad,indian,28,723,0
6,685,199,159,159,Man,sad,indian,28,723,0
7,685,199,159,159,Man,sad,indian,28,723,0
8,685,199,159,159,Man,sad,indian,28,723,0
9,685,199,159,159,Man,sad,indian,28,723,0
10,685,199,159,159,Man,sad,indian,28,723,0
0,1109,132,139,139,Man,neutral,middle eastern,27,724,1
1,1109,132,139,139,Man,neutral,middle eastern,27,724,1
2,1109,132,139,139,Man,neutral,middle eastern,27,724,1
3,1109,132,139,139,Man,neutral,middle eastern,27,724,1
4,1109,132,139,139,Man,neutral,middle eastern,27,724,1
5,1109,132,139,139,Man,neutral,middle eastern,27,724,1
6,1109,132,139,139,Man,neutral,middle eastern,27,724,1
0,704,198,162,162,Man,sad,indian,31,724,0
1,704,198,162,162,Man,sad,indian,31,724,0
2,704,198,162,162,Man,sad,indian,31,724,0
3,704,198,162,162,Man,sad,indian,31,724,0
4,704,198,162,162,Man,sad,indian,31,724,0
5,704,198,162,162,Man,sad,indian,31,724,0
6,704,198,162,162,Man,sad,indian,31,724,0
7,704,198,162,162,Man,sad,indian,31,724,0
8,704,198,162,162,Man,sad,indian,31,724,0
9,704,198,162,162,Man,sad,indian,31,724,0
10,704,198,162,162,Man,sad,indian,31,724,0
0,1101,122,152,152,Man,happy,latino hispanic,29,725,1
1,1101,122,152,152,Man,happy,latino hispanic,29,725,1
2,1101,122,152,152,Man,happy,latino hispanic,29,725,1
3,1101,122,152,152,Man,happy,latino hispanic,29,725,1
4,1101,122,152,152,Man,happy,latino hispanic,29,725,1
5,1101,122,152,152,Man,happy,latino hispanic,29,725,1
6,1101,122,152,152,Man,happy,latino hispanic,29,725,1
7,1101,122,152,152,Man,happy,latino hispanic,29,725,1
8,1101,122,152,152,Man,happy,latino hispanic,29,725,1
9,1101,122,152,152,Man,happy,latino hispanic,29,725,1
10,1101,122,152,152,Man,happy,latino hispanic,29,725,1
11,1101,122,152,152,Man,happy,latino hispanic,29,725,1
12,1101,122,152,152,Man,happy,latino hispanic,29,725,1
0,1099,116,154,154,Man,happy,indian,29,726,1
1,1099,116,154,154,Man,happy,indian,29,726,1
2,1099,116,154,154,Man,happy,indian,29,726,1
3,1099,116,154,154,Man,happy,indian,29,726,1
4,1099,116,154,154,Man,happy,indian,29,726,1
5,1099,116,154,154,Man,happy,indian,29,726,1
6,1099,116,154,154,Man,happy,indian,29,726,1
7,1099,116,154,154,Man,happy,indian,29,726,1
8,1099,116,154,154,Man,happy,indian,29,726,1
9,1099,116,154,154,Man,happy,indian,29,726,1
10,1099,116,154,154,Man,happy,indian,29,726,1
11,1099,116,154,154,Man,happy,indian,29,726,1
0,746,182,177,177,Man,sad,indian,29,726,0
1,746,182,177,177,Man,sad,indian,29,726,0
2,746,182,177,177,Man,sad,indian,29,726,0
3,746,182,177,177,Man,sad,indian,29,726,0
0,1099,111,158,158,Man,happy,indian,30,727,1
1,1099,111,158,158,Man,happy,indian,30,727,1
2,1099,111,158,158,Man,happy,indian,30,727,1
3,1099,111,158,158,Man,happy,indian,30,727,1
4,1099,111,158,158,Man,happy,indian,30,727,1
5,1099,111,158,158,Man,happy,indian,30,727,1
6,1099,111,158,158,Man,happy,indian,30,727,1
7,1099,111,158,158,Man,happy,indian,30,727,1
8,1099,111,158,158,Man,happy,indian,30,727,1
9,1099,111,158,158,Man,happy,indian,30,727,1
10,1099,111,158,158,Man,happy,indian,30,727,1
11,1099,111,158,158,Man,happy,indian,30,727,1
0,767,181,170,170,Man,sad,indian,26,727,0
1,767,181,170,170,Man,sad,indian,26,727,0
2,767,181,170,170,Man,sad,indian,26,727,0
3,767,181,170,170,Man,sad,indian,26,727,0
4,767,181,170,170,Man,sad,indian,26,727,0
5,767,181,170,170,Man,sad,indian,26,727,0
6,767,181,170,170,Man,sad,indian,26,727,0
7,767,181,170,170,Man,sad,indian,26,727,0
8,767,181,170,170,Man,sad,indian,26,727,0
9,767,181,170,170,Man,sad,indian,26,727,0
10,767,181,170,170,Man,sad,indian,26,727,0
11,767,181,170,170,Man,sad,indian,26,727,0
12,767,181,170,170,Man,sad,indian,26,727,0
13,767,181,170,170,Man,sad,indian,26,727,0
0,1103,105,160,160,Man,sad,indian,31,728,1
1,1103,105,160,160,Man,sad,indian,31,728,1
2,1103,105,160,160,Man,sad,indian,31,728,1
3,1103,105,160,160,Man,sad,indian,31,728,1
4,1103,105,160,160,Man,sad,indian,31,728,1
5,1103,105,160,160,Man,sad,indian,31,728,1
6,1103,105,160,160,Man,sad,indian,31,728,1
7,1103,105,160,160,Man,sad,indian,31,728,1
8,1103,105,160,160,Man,sad,indian,31,728,1
9,1103,105,160,160,Man,sad,indian,31,728,1
10,1103,105,160,160,Man,sad,indian,31,728,1
11,1103,105,160,160,Man,sad,indian,31,728,1
12,1103,105,160,160,Man,sad,indian,31,728,1
13,1103,105,160,160,Man,sad,indian,31,728,1
14,1103,105,160,160,Man,sad,indian,31,728,1
0,777,180,159,159,Man,sad,asian,27,728,0
1,777,180,159,159,Man,sad,asian,27,728,0
2,777,180,159,159,Man,sad,asian,27,728,0
3,777,180,159,159,Man,sad,asian,27,728,0
4,777,180,159,159,Man,sad,asian,27,728,0
5,777,180,159,159,Man,sad,asian,27,728,0
6,777,180,159,159,Man,sad,asian,27,728,0
7,777,180,159,159,Man,sad,asian,27,728,0
8,777,180,159,159,Man,sad,asian,27,728,0
9,777,180,159,159,Man,sad,asian,27,728,0
10,777,180,159,159,Man,sad,asian,27,728,0
0,1117,106,152,152,Man,happy,latino hispanic,28,729,1
1,1117,106,152,152,Man,happy,latino hispanic,28,729,1
2,1117,106,152,152,Man,happy,latino hispanic,28,729,1
3,1117,106,152,152,Man,happy,latino hispanic,28,729,1
4,1117,106,152,152,Man,happy,latino hispanic,28,729,1
5,1117,106,152,152,Man,happy,latino hispanic,28,729,1
6,1117,106,152,152,Man,happy,latino hispanic,28,729,1
7,1117,106,152,152,Man,happy,latino hispanic,28,729,1
8,1117,106,152,152,Man,happy,latino hispanic,28,729,1
9,1117,106,152,152,Man,happy,latino hispanic,28,729,1
10,1117,106,152,152,Man,happy,latino hispanic,28,729,1
11,1117,106,152,152,Man,happy,latino hispanic,28,729,1
12,1117,106,152,152,Man,happy,latino hispanic,28,729,1
13,1117,106,152,152,Man,happy,latino hispanic,28,729,1
0,1103,130,155,155,Man,sad,asian,27,737,0
1,1103,130,155,155,Man,sad,asian,27,737,0
2,1103,130,155,155,Man,sad,asian,27,737,0
3,1103,130,155,155,Man,sad,asian,27,737,0
4,1103,130,155,155,Man,sad,asian,27,737,0
5,1103,130,155,155,Man,sad,asian,27,737,0
6,1103,130,155,155,Man,sad,asian,27,737,0
7,1103,130,155,155,Man,sad,asian,27,737,0
8,1103,130,155,155,Man,sad,asian,27,737,0
9,1103,130,155,155,Man,sad,asian,27,737,0
10,1103,130,155,155,Man,sad,asian,27,737,0
11,1103,130,155,155,Man,sad,asian,27,737,0
12,1103,130,155,155,Man,sad,asian,27,737,0
13,1103,130,155,155,Man,sad,asian,27,737,0
14,1103,130,155,155,Man,sad,asian,27,737,0
15,1103,130,155,155,Man,sad,asian,27,737,0
0,1115,121,154,154,Man,sad,asian,31,739,0
1,1115,121,154,154,Man,sad,asian,31,739,0
2,1115,121,154,154,Man,sad,asian,31,739,0
3,1115,121,154,154,Man,sad,asian,31,739,0
4,1115,121,154,154,Man,sad,asian,31,739,0
5,1115,121,154,154,Man,sad,asian,31,739,0
6,1115,121,154,154,Man,sad,asian,31,739,0
7,1115,121,154,154,Man,sad,asian,31,739,0
8,1115,121,154,154,Man,sad,asian,31,739,0
9,1115,121,154,154,Man,sad,asian,31,739,0
10,1115,121,154,154,Man,sad,asian,31,739,0
11,1115,121,154,154,Man,sad,asian,31,739,0
12,1115,121,154,154,Man,sad,asian,31,739,0
13,1115,121,154,154,Man,sad,asian,31,739,0
14,1115,121,154,154,Man,sad,asian,31,739,0
0,1112,119,157,157,Man,sad,asian,30,740,0
1,1112,119,157,157,Man,sad,asian,30,740,0
2,1112,119,157,157,Man,sad,asian,30,740,0
3,1112,119,157,157,Man,sad,asian,30,740,0
4,1112,119,157,157,Man,sad,asian,30,740,0
5,1112,119,157,157,Man,sad,asian,30,740,0
6,1112,119,157,157,Man,sad,asian,30,740,0
7,1112,119,157,157,Man,sad,asian,30,740,0
8,1112,119,157,157,Man,sad,asian,30,740,0
9,1112,119,157,157,Man,sad,asian,30,740,0
10,1112,119,157,157,Man,sad,asian,30,740,0
11,1112,119,157,157,Man,sad,asian,30,740,0
12,1112,119,157,157,Man,sad,asian,30,740,0
13,1112,119,157,157,Man,sad,asian,30,740,0
14,1112,119,157,157,Man,sad,asian,30,740,0
0,1121,121,150,150,Man,sad,asian,30,741,0
1,1121,121,150,150,Man,sad,asian,30,741,0
2,1121,121,150,150,Man,sad,asian,30,741,0
3,1121,121,150,150,Man,sad,asian,30,741,0
4,1121,121,150,150,Man,sad,asian,30,741,0
5,1121,121,150,150,Man,sad,asian,30,741,0
6,1121,121,150,150,Man,sad,asian,30,741,0
7,1121,121,150,150,Man,sad,asian,30,741,0
8,1121,121,150,150,Man,sad,asian,30,741,0
9,1121,121,150,150,Man,sad,asian,30,741,0
10,1121,121,150,150,Man,sad,asian,30,741,0
11,1121,121,150,150,Man,sad,asian,30,741,0
12,1121,121,150,150,Man,sad,asian,30,741,0
13,1121,121,150,150,Man,sad,asian,30,741,0
14,1121,121,150,150,Man,sad,asian,30,741,0
0,1120,121,151,151,Man,sad,asian,29,742,0
1,1120,121,151,151,Man,sad,asian,29,742,0
2,1120,121,151,151,Man,sad,asian,29,742,0
3,1120,121,151,151,Man,sad,asian,29,742,0
4,1120,121,151,151,Man,sad,asian,29,742,0
5,1120,121,151,151,Man,sad,asian,29,742,0
6,1120,121,151,151,Man,sad,asian,29,742,0
7,1120,121,151,151,Man,sad,asian,29,742,0
8,1120,121,151,151,Man,sad,asian,29,742,0
9,1120,121,151,151,Man,sad,asian,29,742,0
10,1120,121,151,151,Man,sad,asian,29,742,0
11,1120,121,151,151,Man,sad,asian,29,742,0
12,1120,121,151,151,Man,sad,asian,29,742,0
13,1120,121,151,151,Man,sad,asian,29,742,0
14,1120,121,151,151,Man,sad,asian,29,742,0
0,1132,130,142,142,Man,sad,asian,30,743,1
1,1132,130,142,142,Man,sad,asian,30,743,1
2,1132,130,142,142,Man,sad,asian,30,743,1
3,1132,130,142,142,Man,sad,asian,30,743,1
4,1132,130,142,142,Man,sad,asian,30,743,1
5,1132,130,142,142,Man,sad,asian,30,743,1
6,1132,130,142,142,Man,sad,asian,30,743,1
7,1132,130,142,142,Man,sad,asian,30,743,1
8,1132,130,142,142,Man,sad,asian,30,743,1
9,1132,130,142,142,Man,sad,asian,30,743,1
10,1132,130,142,142,Man,sad,asian,30,743,1
11,1132,130,142,142,Man,sad,asian,30,743,1
12,1132,130,142,142,Man,sad,asian,30,743,1
13,1132,130,142,142,Man,sad,asian,30,743,1
14,1132,130,142,142,Man,sad,asian,30,743,1
0,717,215,160,160,Man,angry,asian,25,745,1
1,717,215,160,160,Man,angry,asian,25,745,1
2,717,215,160,160,Man,angry,asian,25,745,1
3,717,215,160,160,Man,angry,asian,25,745,1
4,717,215,160,160,Man,angry,asian,25,745,1
5,717,215,160,160,Man,angry,asian,25,745,1
6,717,215,160,160,Man,angry,asian,25,745,1
7,717,215,160,160,Man,angry,asian,25,745,1
8,717,215,160,160,Man,angry,asian,25,745,1
9,717,215,160,160,Man,angry,asian,25,745,1
10,717,215,160,160,Man,angry,asian,25,745,1
11,717,215,160,160,Man,angry,asian,25,745,1
12,717,215,160,160,Man,angry,asian,25,745,1
13,717,215,160,160,Man,angry,asian,25,745,1
14,717,215,160,160,Man,angry,asian,25,745,1
15,717,215,160,160,Man,angry,asian,25,745,1
16,717,215,160,160,Man,angry,asian,25,745,1
0,701,216,168,168,Man,sad,asian,28,746,1
1,701,216,168,168,Man,sad,asian,28,746,1
2,701,216,168,168,Man,sad,asian,28,746,1
3,701,216,168,168,Man,sad,asian,28,746,1
4,701,216,168,168,Man,sad,asian,28,746,1
5,701,216,168,168,Man,sad,asian,28,746,1
6,701,216,168,168,Man,sad,asian,28,746,1
7,701,216,168,168,Man,sad,asian,28,746,1
8,701,216,168,168,Man,sad,asian,28,746,1
9,701,216,168,168,Man,sad,asian,28,746,1
10,701,216,168,168,Man,sad,asian,28,746,1
11,701,216,168,168,Man,sad,asian,28,746,1
12,701,216,168,168,Man,sad,asian,28,746,1
13,701,216,168,168,Man,sad,asian,28,746,1
14,701,216,168,168,Man,sad,asian,28,746,1
15,701,216,168,168,Man,sad,asian,28,746,1
0,709,227,159,159,Man,angry,asian,28,747,1
1,709,227,159,159,Man,angry,asian,28,747,1
2,709,227,159,159,Man,angry,asian,28,747,1
3,709,227,159,159,Man,angry,asian,28,747,1
4,709,227,159,159,Man,angry,asian,28,747,1
5,709,227,159,159,Man,angry,asian,28,747,1
6,709,227,159,159,Man,angry,asian,28,747,1
7,709,227,159,159,Man,angry,asian,28,747,1
8,709,227,159,159,Man,angry,asian,28,747,1
9,709,227,159,159,Man,angry,asian,28,747,1
10,709,227,159,159,Man,angry,asian,28,747,1
11,709,227,159,159,Man,angry,asian,28,747,1
12,709,227,159,159,Man,angry,asian,28,747,1
13,709,227,159,159,Man,angry,asian,28,747,1
14,709,227,159,159,Man,angry,asian,28,747,1
15,709,227,159,159,Man,angry,asian,28,747,1
0,702,227,164,164,Man,sad,asian,28,748,1
1,702,227,164,164,Man,sad,asian,28,748,1
2,702,227,164,164,Man,sad,asian,28,748,1
3,702,227,164,164,Man,sad,asian,28,748,1
4,702,227,164,164,Man,sad,asian,28,748,1
5,702,227,164,164,Man,sad,asian,28,748,1
6,702,227,164,164,Man,sad,asian,28,748,1
7,702,227,164,164,Man,sad,asian,28,748,1
8,702,227,164,164,Man,sad,asian,28,748,1
9,702,227,164,164,Man,sad,asian,28,748,1
10,702,227,164,164,Man,sad,asian,28,748,1
11,702,227,164,164,Man,sad,asian,28,748,1
12,702,227,164,164,Man,sad,asian,28,748,1
13,702,227,164,164,Man,sad,asian,28,748,1
14,702,227,164,164,Man,sad,asian,28,748,1
15,702,227,164,164,Man,sad,asian,28,748,1
0,693,217,159,159,Man,sad,asian,29,750,0
1,693,217,159,159,Man,sad,asian,29,750,0
2,693,217,159,159,Man,sad,asian,29,750,0
3,693,217,159,159,Man,sad,asian,29,750,0
4,693,217,159,159,Man,sad,asian,29,750,0
5,693,217,159,159,Man,sad,asian,29,750,0
6,693,217,159,159,Man,sad,asian,29,750,0
7,693,217,159,159,Man,sad,asian,29,750,0
8,693,217,159,159,Man,sad,asian,29,750,0
9,693,217,159,159,Man,sad,asian,29,750,0
10,693,217,159,159,Man,sad,asian,29,750,0
11,693,217,159,159,Man,sad,asian,29,750,0
12,693,217,159,159,Man,sad,asian,29,750,0
13,693,217,159,159,Man,sad,asian,29,750,0
14,693,217,159,159,Man,sad,asian,29,750,0
15,693,217,159,159,Man,sad,asian,29,750,0
0,686,207,166,166,Man,sad,asian,30,751,0
1,686,207,166,166,Man,sad,asian,30,751,0
2,686,207,166,166,Man,sad,asian,30,751,0
3,686,207,166,166,Man,sad,asian,30,751,0
4,686,207,166,166,Man,sad,asian,30,751,0
5,686,207,166,166,Man,sad,asian,30,751,0
6,686,207,166,166,Man,sad,asian,30,751,0
7,686,207,166,166,Man,sad,asian,30,751,0
8,686,207,166,166,Man,sad,asian,30,751,0
9,686,207,166,166,Man,sad,asian,30,751,0
10,686,207,166,166,Man,sad,asian,30,751,0
11,686,207,166,166,Man,sad,asian,30,751,0
12,686,207,166,166,Man,sad,asian,30,751,0
13,686,207,166,166,Man,sad,asian,30,751,0
14,686,207,166,166,Man,sad,asian,30,751,0
15,686,207,166,166,Man,sad,asian,30,751,0
0,687,201,161,161,Man,sad,asian,31,752,0
1,687,201,161,161,Man,sad,asian,31,752,0
2,687,201,161,161,Man,sad,asian,31,752,0
3,687,201,161,161,Man,sad,asian,31,752,0
4,687,201,161,161,Man,sad,asian,31,752,0
5,687,201,161,161,Man,sad,asian,31,752,0
6,687,201,161,161,Man,sad,asian,31,752,0
7,687,201,161,161,Man,sad,asian,31,752,0
8,687,201,161,161,Man,sad,asian,31,752,0
9,687,201,161,161,Man,sad,asian,31,752,0
10,687,201,161,161,Man,sad,asian,31,752,0
11,687,201,161,161,Man,sad,asian,31,752,0
12,687,201,161,161,Man,sad,asian,31,752,0
13,687,201,161,161,Man,sad,asian,31,752,0
14,687,201,161,161,Man,sad,asian,31,752,0
15,687,201,161,161,Man,sad,asian,31,752,0
0,682,190,168,168,Man,sad,asian,29,753,0
1,682,190,168,168,Man,sad,asian,29,753,0
2,682,190,168,168,Man,sad,asian,29,753,0
3,682,190,168,168,Man,sad,asian,29,753,0
4,682,190,168,168,Man,sad,asian,29,753,0
5,682,190,168,168,Man,sad,asian,29,753,0
6,682,190,168,168,Man,sad,asian,29,753,0
7,682,190,168,168,Man,sad,asian,29,753,0
8,682,190,168,168,Man,sad,asian,29,753,0
9,682,190,168,168,Man,sad,asian,29,753,0
10,682,190,168,168,Man,sad,asian,29,753,0
11,682,190,168,168,Man,sad,asian,29,753,0
12,682,190,168,168,Man,sad,asian,29,753,0
13,682,190,168,168,Man,sad,asian,29,753,0
14,682,190,168,168,Man,sad,asian,29,753,0
15,682,190,168,168,Man,sad,asian,29,753,0
0,682,186,167,167,Man,sad,asian,29,754,0
1,682,186,167,167,Man,sad,asian,29,754,0
2,682,186,167,167,Man,sad,asian,29,754,0
3,682,186,167,167,Man,sad,asian,29,754,0
4,682,186,167,167,Man,sad,asian,29,754,0
5,682,186,167,167,Man,sad,asian,29,754,0
6,682,186,167,167,Man,sad,asian,29,754,0
7,682,186,167,167,Man,sad,asian,29,754,0
8,682,186,167,167,Man,sad,asian,29,754,0
9,682,186,167,167,Man,sad,asian,29,754,0
10,682,186,167,167,Man,sad,asian,29,754,0
11,682,186,167,167,Man,sad,asian,29,754,0
12,682,186,167,167,Man,sad,asian,29,754,0
13,682,186,167,167,Man,sad,asian,29,754,0
14,682,186,167,167,Man,sad,asian,29,754,0
15,682,186,167,167,Man,sad,asian,29,754,0
0,687,186,169,169,Man,sad,asian,29,755,0
1,687,186,169,169,Man,sad,asian,29,755,0
2,687,186,169,169,Man,sad,asian,29,755,0
3,687,186,169,169,Man,sad,asian,29,755,0
4,687,186,169,169,Man,sad,asian,29,755,0
5,687,186,169,169,Man,sad,asian,29,755,0
6,687,186,169,169,Man,sad,asian,29,755,0
7,687,186,169,169,Man,sad,asian,29,755,0
8,687,186,169,169,Man,sad,asian,29,755,0
9,687,186,169,169,Man,sad,asian,29,755,0
10,687,186,169,169,Man,sad,asian,29,755,0
11,687,186,169,169,Man,sad,asian,29,755,0
12,687,186,169,169,Man,sad,asian,29,755,0
13,687,186,169,169,Man,sad,asian,29,755,0
14,687,186,169,169,Man,sad,asian,29,755,0
15,687,186,169,169,Man,sad,asian,29,755,0
0,716,204,169,169,Man,sad,asian,27,759,0
1,716,204,169,169,Man,sad,asian,27,759,0
2,716,204,169,169,Man,sad,asian,27,759,0
3,716,204,169,169,Man,sad,asian,27,759,0
4,716,204,169,169,Man,sad,asian,27,759,0
5,716,204,169,169,Man,sad,asian,27,759,0
6,716,204,169,169,Man,sad,asian,27,759,0
7,716,204,169,169,Man,sad,asian,27,759,0
8,716,204,169,169,Man,sad,asian,27,759,0
9,716,204,169,169,Man,sad,asian,27,759,0
10,716,204,169,169,Man,sad,asian,27,759,0
11,716,204,169,169,Man,sad,asian,27,759,0
12,716,204,169,169,Man,sad,asian,27,759,0
13,716,204,169,169,Man,sad,asian,27,759,0
14,716,204,169,169,Man,sad,asian,27,759,0
15,716,204,169,169,Man,sad,asian,27,759,0
0,728,205,172,172,Man,angry,asian,25,760,0
1,728,205,172,172,Man,angry,asian,25,760,0
2,728,205,172,172,Man,angry,asian,25,760,0
3,728,205,172,172,Man,angry,asian,25,760,0
4,728,205,172,172,Man,angry,asian,25,760,0
5,728,205,172,172,Man,angry,asian,25,760,0
6,728,205,172,172,Man,angry,asian,25,760,0
7,728,205,172,172,Man,angry,asian,25,760,0
8,728,205,172,172,Man,angry,asian,25,760,0
9,728,205,172,172,Man,angry,asian,25,760,0
10,728,205,172,172,Man,angry,asian,25,760,0
11,728,205,172,172,Man,angry,asian,25,760,0
12,728,205,172,172,Man,angry,asian,25,760,0
13,728,205,172,172,Man,angry,asian,25,760,0
14,728,205,172,172,Man,angry,asian,25,760,0
15,728,205,172,172,Man,angry,asian,25,760,0
0,736,209,177,177,Man,sad,black,25,761,0
1,736,209,177,177,Man,sad,black,25,761,0
2,736,209,177,177,Man,sad,black,25,761,0
3,736,209,177,177,Man,sad,black,25,761,0
4,736,209,177,177,Man,sad,black,25,761,0
5,736,209,177,177,Man,sad,black,25,761,0
6,736,209,177,177,Man,sad,black,25,761,0
7,736,209,177,177,Man,sad,black,25,761,0
8,736,209,177,177,Man,sad,black,25,761,0
9,736,209,177,177,Man,sad,black,25,761,0
10,736,209,177,177,Man,sad,black,25,761,0
11,736,209,177,177,Man,sad,black,25,761,0
12,736,209,177,177,Man,sad,black,25,761,0
13,736,209,177,177,Man,sad,black,25,761,0
14,736,209,177,177,Man,sad,black,25,761,0
15,736,209,177,177,Man,sad,black,25,761,0
0,798,217,158,158,Man,fear,asian,26,764,1
1,798,217,158,158,Man,fear,asian,26,764,1
2,798,217,158,158,Man,fear,asian,26,764,1
3,798,217,158,158,Man,fear,asian,26,764,1
4,798,217,158,158,Man,fear,asian,26,764,1
5,798,217,158,158,Man,fear,asian,26,764,1
6,798,217,158,158,Man,fear,asian,26,764,1
7,798,217,158,158,Man,fear,asian,26,764,1
8,798,217,158,158,Man,fear,asian,26,764,1
9,798,217,158,158,Man,fear,asian,26,764,1
10,798,217,158,158,Man,fear,asian,26,764,1
11,798,217,158,158,Man,fear,asian,26,764,1
12,798,217,158,158,Man,fear,asian,26,764,1
0,861,166,179,179,Man,angry,asian,25,769,0
1,861,166,179,179,Man,angry,asian,25,769,0
2,861,166,179,179,Man,angry,asian,25,769,0
3,861,166,179,179,Man,angry,asian,25,769,0
4,861,166,179,179,Man,angry,asian,25,769,0
5,861,166,179,179,Man,angry,asian,25,769,0
6,861,166,179,179,Man,angry,asian,25,769,0
7,861,166,179,179,Man,angry,asian,25,769,0
8,861,166,179,179,Man,angry,asian,25,769,0
9,861,166,179,179,Man,angry,asian,25,769,0
10,861,166,179,179,Man,angry,asian,25,769,0
11,861,166,179,179,Man,angry,asian,25,769,0
12,861,166,179,179,Man,angry,asian,25,769,0
13,861,166,179,179,Man,angry,asian,25,769,0
14,861,166,179,179,Man,angry,asian,25,769,0
15,861,166,179,179,Man,angry,asian,25,769,0
0,875,170,165,165,Man,sad,asian,27,770,0
1,875,170,165,165,Man,sad,asian,27,770,0
2,875,170,165,165,Man,sad,asian,27,770,0
3,875,170,165,165,Man,sad,asian,27,770,0
4,875,170,165,165,Man,sad,asian,27,770,0
5,875,170,165,165,Man,sad,asian,27,770,0
6,875,170,165,165,Man,sad,asian,27,770,0
7,875,170,165,165,Man,sad,asian,27,770,0
8,875,170,165,165,Man,sad,asian,27,770,0
9,875,170,165,165,Man,sad,asian,27,770,0
10,875,170,165,165,Man,sad,asian,27,770,0
11,875,170,165,165,Man,sad,asian,27,770,0
12,875,170,165,165,Man,sad,asian,27,770,0
13,875,170,165,165,Man,sad,asian,27,770,0
14,875,170,165,165,Man,sad,asian,27,770,0
15,875,170,165,165,Man,sad,asian,27,770,0
0,878,169,166,166,Man,sad,asian,27,771,1
1,878,169,166,166,Man,sad,asian,27,771,1
2,878,169,166,166,Man,sad,asian,27,771,1
3,878,169,166,166,Man,sad,asian,27,771,1
4,878,169,166,166,Man,sad,asian,27,771,1
5,878,169,166,166,Man,sad,asian,27,771,1
6,878,169,166,166,Man,sad,asian,27,771,1
7,878,169,166,166,Man,sad,asian,27,771,1
8,878,169,166,166,Man,sad,asian,27,771,1
9,878,169,166,166,Man,sad,asian,27,771,1
10,878,169,166,166,Man,sad,asian,27,771,1
11,878,169,166,166,Man,sad,asian,27,771,1
12,878,169,166,166,Man,sad,asian,27,771,1
13,878,169,166,166,Man,sad,asian,27,771,1
14,878,169,166,166,Man,sad,asian,27,771,1
15,878,169,166,166,Man,sad,asian,27,771,1
0,887,170,166,166,Man,sad,asian,27,772,1
1,887,170,166,166,Man,sad,asian,27,772,1
2,887,170,166,166,Man,sad,asian,27,772,1
3,887,170,166,166,Man,sad,asian,27,772,1
4,887,170,166,166,Man,sad,asian,27,772,1
5,887,170,166,166,Man,sad,asian,27,772,1
6,887,170,166,166,Man,sad,asian,27,772,1
7,887,170,166,166,Man,sad,asian,27,772,1
8,887,170,166,166,Man,sad,asian,27,772,1
9,887,170,166,166,Man,sad,asian,27,772,1
10,887,170,166,166,Man,sad,asian,27,772,1
11,887,170,166,166,Man,sad,asian,27,772,1
12,887,170,166,166,Man,sad,asian,27,772,1
13,887,170,166,166,Man,sad,asian,27,772,1
14,887,170,166,166,Man,sad,asian,27,772,1
15,887,170,166,166,Man,sad,asian,27,772,1
0,894,174,170,170,Man,sad,asian,26,773,1
1,894,174,170,170,Man,sad,asian,26,773,1
2,894,174,170,170,Man,sad,asian,26,773,1
3,894,174,170,170,Man,sad,asian,26,773,1
4,894,174,170,170,Man,sad,asian,26,773,1
5,894,174,170,170,Man,sad,asian,26,773,1
6,894,174,170,170,Man,sad,asian,26,773,1
7,894,174,170,170,Man,sad,asian,26,773,1
8,894,174,170,170,Man,sad,asian,26,773,1
9,894,174,170,170,Man,sad,asian,26,773,1
10,894,174,170,170,Man,sad,asian,26,773,1
11,894,174,170,170,Man,sad,asian,26,773,1
12,894,174,170,170,Man,sad,asian,26,773,1
13,894,174,170,170,Man,sad,asian,26,773,1
14,894,174,170,170,Man,sad,asian,26,773,1
15,894,174,170,170,Man,sad,asian,26,773,1
0,906,179,172,172,Man,sad,asian,26,774,1
1,906,179,172,172,Man,sad,asian,26,774,1
2,906,179,172,172,Man,sad,asian,26,774,1
3,906,179,172,172,Man,sad,asian,26,774,1
4,906,179,172,172,Man,sad,asian,26,774,1
5,906,179,172,172,Man,sad,asian,26,774,1
6,906,179,172,172,Man,sad,asian,26,774,1
7,906,179,172,172,Man,sad,asian,26,774,1
8,906,179,172,172,Man,sad,asian,26,774,1
9,906,179,172,172,Man,sad,asian,26,774,1
10,906,179,172,172,Man,sad,asian,26,774,1
11,906,179,172,172,Man,sad,asian,26,774,1
12,906,179,172,172,Man,sad,asian,26,774,1
13,906,179,172,172,Man,sad,asian,26,774,1
14,906,179,172,172,Man,sad,asian,26,774,1
15,906,179,172,172,Man,sad,asian,26,774,1
0,917,187,170,170,Man,fear,asian,25,775,1
1,917,187,170,170,Man,fear,asian,25,775,1
2,917,187,170,170,Man,fear,asian,25,775,1
3,917,187,170,170,Man,fear,asian,25,775,1
4,917,187,170,170,Man,fear,asian,25,775,1
5,917,187,170,170,Man,fear,asian,25,775,1
6,917,187,170,170,Man,fear,asian,25,775,1
7,917,187,170,170,Man,fear,asian,25,775,1
8,917,187,170,170,Man,fear,asian,25,775,1
9,917,187,170,170,Man,fear,asian,25,775,1
10,917,187,170,170,Man,fear,asian,25,775,1
11,917,187,170,170,Man,fear,asian,25,775,1
12,917,187,170,170,Man,fear,asian,25,775,1
13,917,187,170,170,Man,fear,asian,25,775,1
14,917,187,170,170,Man,fear,asian,25,775,1
15,917,187,170,170,Man,fear,asian,25,775,1
0,927,195,167,167,Man,fear,asian,26,776,1
1,927,195,167,167,Man,fear,asian,26,776,1
2,927,195,167,167,Man,fear,asian,26,776,1
3,927,195,167,167,Man,fear,asian,26,776,1
4,927,195,167,167,Man,fear,asian,26,776,1
5,927,195,167,167,Man,fear,asian,26,776,1
6,927,195,167,167,Man,fear,asian,26,776,1
7,927,195,167,167,Man,fear,asian,26,776,1
8,927,195,167,167,Man,fear,asian,26,776,1
9,927,195,167,167,Man,fear,asian,26,776,1
10,927,195,167,167,Man,fear,asian,26,776,1
11,927,195,167,167,Man,fear,asian,26,776,1
12,927,195,167,167,Man,fear,asian,26,776,1
13,927,195,167,167,Man,fear,asian,26,776,1
14,927,195,167,167,Man,fear,asian,26,776,1
15,927,195,167,167,Man,fear,asian,26,776,1
0,927,197,174,174,Man,sad,asian,25,777,1
1,927,197,174,174,Man,sad,asian,25,777,1
2,927,197,174,174,Man,sad,asian,25,777,1
3,927,197,174,174,Man,sad,asian,25,777,1
4,927,197,174,174,Man,sad,asian,25,777,1
5,927,197,174,174,Man,sad,asian,25,777,1
6,927,197,174,174,Man,sad,asian,25,777,1
7,927,197,174,174,Man,sad,asian,25,777,1
8,927,197,174,174,Man,sad,asian,25,777,1
9,927,197,174,174,Man,sad,asian,25,777,1
10,927,197,174,174,Man,sad,asian,25,777,1
11,927,197,174,174,Man,sad,asian,25,777,1
12,927,197,174,174,Man,sad,asian,25,777,1
13,927,197,174,174,Man,sad,asian,25,777,1
14,927,197,174,174,Man,sad,asian,25,777,1
15,927,197,174,174,Man,sad,asian,25,777,1
0,925,191,184,184,Man,sad,asian,25,778,1
1,925,191,184,184,Man,sad,asian,25,778,1
2,925,191,184,184,Man,sad,asian,25,778,1
3,925,191,184,184,Man,sad,asian,25,778,1
4,925,191,184,184,Man,sad,asian,25,778,1
5,925,191,184,184,Man,sad,asian,25,778,1
6,925,191,184,184,Man,sad,asian,25,778,1
7,925,191,184,184,Man,sad,asian,25,778,1
8,925,191,184,184,Man,sad,asian,25,778,1
9,925,191,184,184,Man,sad,asian,25,778,1
10,925,191,184,184,Man,sad,asian,25,778,1
11,925,191,184,184,Man,sad,asian,25,778,1
12,925,191,184,184,Man,sad,asian,25,778,1
13,925,191,184,184,Man,sad,asian,25,778,1
14,925,191,184,184,Man,sad,asian,25,778,1
15,925,191,184,184,Man,sad,asian,25,778,1
16,925,191,184,184,Man,sad,asian,25,778,1
17,925,191,184,184,Man,sad,asian,25,778,1
0,938,196,165,165,Man,sad,asian,26,779,1
1,938,196,165,165,Man,sad,asian,26,779,1
2,938,196,165,165,Man,sad,asian,26,779,1
3,938,196,165,165,Man,sad,asian,26,779,1
4,938,196,165,165,Man,sad,asian,26,779,1
5,938,196,165,165,Man,sad,asian,26,779,1
6,938,196,165,165,Man,sad,asian,26,779,1
7,938,196,165,165,Man,sad,asian,26,779,1
8,938,196,165,165,Man,sad,asian,26,779,1
9,938,196,165,165,Man,sad,asian,26,779,1
10,938,196,165,165,Man,sad,asian,26,779,1
11,938,196,165,165,Man,sad,asian,26,779,1
12,938,196,165,165,Man,sad,asian,26,779,1
13,938,196,165,165,Man,sad,asian,26,779,1
14,938,196,165,165,Man,sad,asian,26,779,1
15,938,196,165,165,Man,sad,asian,26,779,1
0,940,185,171,171,Man,sad,asian,26,780,1
1,940,185,171,171,Man,sad,asian,26,780,1
2,940,185,171,171,Man,sad,asian,26,780,1
3,940,185,171,171,Man,sad,asian,26,780,1
4,940,185,171,171,Man,sad,asian,26,780,1
5,940,185,171,171,Man,sad,asian,26,780,1
6,940,185,171,171,Man,sad,asian,26,780,1
7,940,185,171,171,Man,sad,asian,26,780,1
8,940,185,171,171,Man,sad,asian,26,780,1
9,940,185,171,171,Man,sad,asian,26,780,1
10,940,185,171,171,Man,sad,asian,26,780,1
11,940,185,171,171,Man,sad,asian,26,780,1
12,940,185,171,171,Man,sad,asian,26,780,1
13,940,185,171,171,Man,sad,asian,26,780,1
14,940,185,171,171,Man,sad,asian,26,780,1
15,940,185,171,171,Man,sad,asian,26,780,1
0,942,177,176,176,Man,sad,asian,28,781,0
1,942,177,176,176,Man,sad,asian,28,781,0
2,942,177,176,176,Man,sad,asian,28,781,0
3,942,177,176,176,Man,sad,asian,28,781,0
4,942,177,176,176,Man,sad,asian,28,781,0
5,942,177,176,176,Man,sad,asian,28,781,0
6,942,177,176,176,Man,sad,asian,28,781,0
7,942,177,176,176,Man,sad,asian,28,781,0
8,942,177,176,176,Man,sad,asian,28,781,0
9,942,177,176,176,Man,sad,asian,28,781,0
10,942,177,176,176,Man,sad,asian,28,781,0
11,942,177,176,176,Man,sad,asian,28,781,0
12,942,177,176,176,Man,sad,asian,28,781,0
13,942,177,176,176,Man,sad,asian,28,781,0
14,942,177,176,176,Man,sad,asian,28,781,0
15,942,177,176,176,Man,sad,asian,28,781,0
0,948,170,174,174,Man,sad,asian,26,782,0
1,948,170,174,174,Man,sad,asian,26,782,0
2,948,170,174,174,Man,sad,asian,26,782,0
3,948,170,174,174,Man,sad,asian,26,782,0
4,948,170,174,174,Man,sad,asian,26,782,0
5,948,170,174,174,Man,sad,asian,26,782,0
6,948,170,174,174,Man,sad,asian,26,782,0
7,948,170,174,174,Man,sad,asian,26,782,0
8,948,170,174,174,Man,sad,asian,26,782,0
9,948,170,174,174,Man,sad,asian,26,782,0
10,948,170,174,174,Man,sad,asian,26,782,0
11,948,170,174,174,Man,sad,asian,26,782,0
12,948,170,174,174,Man,sad,asian,26,782,0
0,949,159,186,186,Man,sad,asian,26,783,1
1,949,159,186,186,Man,sad,asian,26,783,1
2,949,159,186,186,Man,sad,asian,26,783,1
3,949,159,186,186,Man,sad,asian,26,783,1
4,949,159,186,186,Man,sad,asian,26,783,1
5,949,159,186,186,Man,sad,asian,26,783,1
6,949,159,186,186,Man,sad,asian,26,783,1
7,949,159,186,186,Man,sad,asian,26,783,1
8,949,159,186,186,Man,sad,asian,26,783,1
9,949,159,186,186,Man,sad,asian,26,783,1
10,949,159,186,186,Man,sad,asian,26,783,1
11,949,159,186,186,Man,sad,asian,26,783,1
12,949,159,186,186,Man,sad,asian,26,783,1
13,949,159,186,186,Man,sad,asian,26,783,1
14,949,159,186,186,Man,sad,asian,26,783,1
15,949,159,186,186,Man,sad,asian,26,783,1
0,958,156,184,184,Man,sad,black,28,784,0
1,958,156,184,184,Man,sad,black,28,784,0
2,958,156,184,184,Man,sad,black,28,784,0
3,958,156,184,184,Man,sad,black,28,784,0
4,958,156,184,184,Man,sad,black,28,784,0
5,958,156,184,184,Man,sad,black,28,784,0
6,958,156,184,184,Man,sad,black,28,784,0
7,958,156,184,184,Man,sad,black,28,784,0
8,958,156,184,184,Man,sad,black,28,784,0
9,958,156,184,184,Man,sad,black,28,784,0
10,958,156,184,184,Man,sad,black,28,784,0
11,958,156,184,184,Man,sad,black,28,784,0
12,958,156,184,184,Man,sad,black,28,784,0
0,973,161,170,170,Man,sad,latino hispanic,28,785,0
1,973,161,170,170,Man,sad,latino hispanic,28,785,0
2,973,161,170,170,Man,sad,latino hispanic,28,785,0
3,973,161,170,170,Man,sad,latino hispanic,28,785,0
4,973,161,170,170,Man,sad,latino hispanic,28,785,0
5,973,161,170,170,Man,sad,latino hispanic,28,785,0
6,973,161,170,170,Man,sad,latino hispanic,28,785,0
7,973,161,170,170,Man,sad,latino hispanic,28,785,0
8,973,161,170,170,Man,sad,latino hispanic,28,785,0
9,973,161,170,170,Man,sad,latino hispanic,28,785,0
10,973,161,170,170,Man,sad,latino hispanic,28,785,0
11,973,161,170,170,Man,sad,latino hispanic,28,785,0
12,973,161,170,170,Man,sad,latino hispanic,28,785,0
13,973,161,170,170,Man,sad,latino hispanic,28,785,0
14,973,161,170,170,Man,sad,latino hispanic,28,785,0
15,973,161,170,170,Man,sad,latino hispanic,28,785,0
0,993,158,186,186,Man,sad,asian,25,787,0
1,993,158,186,186,Man,sad,asian,25,787,0
2,993,158,186,186,Man,sad,asian,25,787,0
3,993,158,186,186,Man,sad,asian,25,787,0
4,993,158,186,186,Man,sad,asian,25,787,0
5,993,158,186,186,Man,sad,asian,25,787,0
6,993,158,186,186,Man,sad,asian,25,787,0
7,993,158,186,186,Man,sad,asian,25,787,0
8,993,158,186,186,Man,sad,asian,25,787,0
9,993,158,186,186,Man,sad,asian,25,787,0
10,993,158,186,186,Man,sad,asian,25,787,0
11,993,158,186,186,Man,sad,asian,25,787,0
12,993,158,186,186,Man,sad,asian,25,787,0
13,993,158,186,186,Man,sad,asian,25,787,0
14,993,158,186,186,Man,sad,asian,25,787,0
15,993,158,186,186,Man,sad,asian,25,787,0
0,1032,177,174,174,Man,sad,latino hispanic,28,789,1
1,1032,177,174,174,Man,sad,latino hispanic,28,789,1
2,1032,177,174,174,Man,sad,latino hispanic,28,789,1
3,1032,177,174,174,Man,sad,latino hispanic,28,789,1
4,1032,177,174,174,Man,sad,latino hispanic,28,789,1
5,1032,177,174,174,Man,sad,latino hispanic,28,789,1
6,1032,177,174,174,Man,sad,latino hispanic,28,789,1
7,1032,177,174,174,Man,sad,latino hispanic,28,789,1
8,1032,177,174,174,Man,sad,latino hispanic,28,789,1
9,1032,177,174,174,Man,sad,latino hispanic,28,789,1
10,1032,177,174,174,Man,sad,latino hispanic,28,789,1
11,1032,177,174,174,Man,sad,latino hispanic,28,789,1
12,1032,177,174,174,Man,sad,latino hispanic,28,789,1
13,1032,177,174,174,Man,sad,latino hispanic,28,789,1
14,1032,177,174,174,Man,sad,latino hispanic,28,789,1
15,1032,177,174,174,Man,sad,latino hispanic,28,789,1
0,1042,178,189,189,Man,sad,asian,27,790,1
1,1042,178,189,189,Man,sad,asian,27,790,1
2,1042,178,189,189,Man,sad,asian,27,790,1
3,1042,178,189,189,Man,sad,asian,27,790,1
4,1042,178,189,189,Man,sad,asian,27,790,1
5,1042,178,189,189,Man,sad,asian,27,790,1
6,1042,178,189,189,Man,sad,asian,27,790,1
7,1042,178,189,189,Man,sad,asian,27,790,1
8,1042,178,189,189,Man,sad,asian,27,790,1
9,1042,178,189,189,Man,sad,asian,27,790,1
10,1042,178,189,189,Man,sad,asian,27,790,1
11,1042,178,189,189,Man,sad,asian,27,790,1
12,1042,178,189,189,Man,sad,asian,27,790,1
13,1042,178,189,189,Man,sad,asian,27,790,1
14,1042,178,189,189,Man,sad,asian,27,790,1
15,1042,178,189,189,Man,sad,asian,27,790,1
0,1065,181,185,185,Man,angry,black,27,791,1
1,1065,181,185,185,Man,angry,black,27,791,1
2,1065,181,185,185,Man,angry,black,27,791,1
3,1065,181,185,185,Man,angry,black,27,791,1
4,1065,181,185,185,Man,angry,black,27,791,1
5,1065,181,185,185,Man,angry,black,27,791,1
6,1065,181,185,185,Man,angry,black,27,791,1
7,1065,181,185,185,Man,angry,black,27,791,1
8,1065,181,185,185,Man,angry,black,27,791,1
9,1065,181,185,185,Man,angry,black,27,791,1
10,1065,181,185,185,Man,angry,black,27,791,1
11,1065,181,185,185,Man,angry,black,27,791,1
12,1065,181,185,185,Man,angry,black,27,791,1
13,1065,181,185,185,Man,angry,black,27,791,1
14,1065,181,185,185,Man,angry,black,27,791,1
15,1065,181,185,185,Man,angry,black,27,791,1
0,978,200,148,148,Man,happy,middle eastern,31,795,1
1,978,200,148,148,Man,happy,middle eastern,31,795,1
2,978,200,148,148,Man,happy,middle eastern,31,795,1
3,978,200,148,148,Man,happy,middle eastern,31,795,1
4,978,200,148,148,Man,happy,middle eastern,31,795,1
5,978,200,148,148,Man,happy,middle eastern,31,795,1
6,978,200,148,148,Man,happy,middle eastern,31,795,1
7,978,200,148,148,Man,happy,middle eastern,31,795,1
8,978,200,148,148,Man,happy,middle eastern,31,795,1
9,978,200,148,148,Man,happy,middle eastern,31,795,1
10,978,200,148,148,Man,happy,middle eastern,31,795,1
11,978,200,148,148,Man,happy,middle eastern,31,795,1
12,978,200,148,148,Man,happy,middle eastern,31,795,1
13,978,200,148,148,Man,happy,middle eastern,31,795,1
14,978,200,148,148,Man,happy,middle eastern,31,795,1
15,978,200,148,148,Man,happy,middle eastern,31,795,1
16,978,200,148,148,Man,happy,middle eastern,31,795,1
17,978,200,148,148,Man,happy,middle eastern,31,795,1
18,978,200,148,148,Man,happy,middle eastern,31,795,1
0,958,201,153,153,Man,happy,middle eastern,31,796,1
1,958,201,153,153,Man,happy,middle eastern,31,796,1
2,958,201,153,153,Man,happy,middle eastern,31,796,1
3,958,201,153,153,Man,happy,middle eastern,31,796,1
4,958,201,153,153,Man,happy,middle eastern,31,796,1
5,958,201,153,153,Man,happy,middle eastern,31,796,1
6,958,201,153,153,Man,happy,middle eastern,31,796,1
7,958,201,153,153,Man,happy,middle eastern,31,796,1
8,958,201,153,153,Man,happy,middle eastern,31,796,1
9,958,201,153,153,Man,happy,middle eastern,31,796,1
10,958,201,153,153,Man,happy,middle eastern,31,796,1
11,958,201,153,153,Man,happy,middle eastern,31,796,1
12,958,201,153,153,Man,happy,middle eastern,31,796,1
13,958,201,153,153,Man,happy,middle eastern,31,796,1
14,958,201,153,153,Man,happy,middle eastern,31,796,1
15,958,201,153,153,Man,happy,middle eastern,31,796,1
16,958,201,153,153,Man,happy,middle eastern,31,796,1
17,958,201,153,153,Man,happy,middle eastern,31,796,1
0,946,204,149,149,Man,happy,middle eastern,31,797,1
1,946,204,149,149,Man,happy,middle eastern,31,797,1
2,946,204,149,149,Man,happy,middle eastern,31,797,1
3,946,204,149,149,Man,happy,middle eastern,31,797,1
4,946,204,149,149,Man,happy,middle eastern,31,797,1
5,946,204,149,149,Man,happy,middle eastern,31,797,1
6,946,204,149,149,Man,happy,middle eastern,31,797,1
7,946,204,149,149,Man,happy,middle eastern,31,797,1
8,946,204,149,149,Man,happy,middle eastern,31,797,1
9,946,204,149,149,Man,happy,middle eastern,31,797,1
10,946,204,149,149,Man,happy,middle eastern,31,797,1
11,946,204,149,149,Man,happy,middle eastern,31,797,1
12,946,204,149,149,Man,happy,middle eastern,31,797,1
13,946,204,149,149,Man,happy,middle eastern,31,797,1
14,946,204,149,149,Man,happy,middle eastern,31,797,1
15,946,204,149,149,Man,happy,middle eastern,31,797,1
16,946,204,149,149,Man,happy,middle eastern,31,797,1
17,946,204,149,149,Man,happy,middle eastern,31,797,1
0,927,200,155,155,Man,happy,latino hispanic,28,798,1
1,927,200,155,155,Man,happy,latino hispanic,28,798,1
2,927,200,155,155,Man,happy,latino hispanic,28,798,1
3,927,200,155,155,Man,happy,latino hispanic,28,798,1
4,927,200,155,155,Man,happy,latino hispanic,28,798,1
5,927,200,155,155,Man,happy,latino hispanic,28,798,1
6,927,200,155,155,Man,happy,latino hispanic,28,798,1
7,927,200,155,155,Man,happy,latino hispanic,28,798,1
8,927,200,155,155,Man,happy,latino hispanic,28,798,1
9,927,200,155,155,Man,happy,latino hispanic,28,798,1
10,927,200,155,155,Man,happy,latino hispanic,28,798,1
11,927,200,155,155,Man,happy,latino hispanic,28,798,1
12,927,200,155,155,Man,happy,latino hispanic,28,798,1
13,927,200,155,155,Man,happy,latino hispanic,28,798,1
14,927,200,155,155,Man,happy,latino hispanic,28,798,1
15,927,200,155,155,Man,happy,latino hispanic,28,798,1
16,927,200,155,155,Man,happy,latino hispanic,28,798,1
17,927,200,155,155,Man,happy,latino hispanic,28,798,1
0,908,187,172,172,Man,fear,middle eastern,31,799,1
0,899,177,172,172,Man,happy,middle eastern,23,800,1
1,899,177,172,172,Man,happy,middle eastern,23,800,1
2,899,177,172,172,Man,happy,middle eastern,23,800,1
3,899,177,172,172,Man,happy,middle eastern,23,800,1
4,899,177,172,172,Man,happy,middle eastern,23,800,1
5,899,177,172,172,Man,happy,middle eastern,23,800,1
6,899,177,172,172,Man,happy,middle eastern,23,800,1
7,899,177,172,172,Man,happy,middle eastern,23,800,1
8,899,177,172,172,Man,happy,middle eastern,23,800,1
9,899,177,172,172,Man,happy,middle eastern,23,800,1
10,899,177,172,172,Man,happy,middle eastern,23,800,1
11,899,177,172,172,Man,happy,middle eastern,23,800,1
12,899,177,172,172,Man,happy,middle eastern,23,800,1
13,899,177,172,172,Man,happy,middle eastern,23,800,1
14,899,177,172,172,Man,happy,middle eastern,23,800,1
15,899,177,172,172,Man,happy,middle eastern,23,800,1
16,899,177,172,172,Man,happy,middle eastern,23,800,1
17,899,177,172,172,Man,happy,middle eastern,23,800,1
0,896,175,160,160,Man,happy,middle eastern,24,801,1
1,896,175,160,160,Man,happy,middle eastern,24,801,1
2,896,175,160,160,Man,happy,middle eastern,24,801,1
3,896,175,160,160,Man,happy,middle eastern,24,801,1
4,896,175,160,160,Man,happy,middle eastern,24,801,1
5,896,175,160,160,Man,happy,middle eastern,24,801,1
6,896,175,160,160,Man,happy,middle eastern,24,801,1
7,896,175,160,160,Man,happy,middle eastern,24,801,1
8,896,175,160,160,Man,happy,middle eastern,24,801,1
9,896,175,160,160,Man,happy,middle eastern,24,801,1
10,896,175,160,160,Man,happy,middle eastern,24,801,1
11,896,175,160,160,Man,happy,middle eastern,24,801,1
12,896,175,160,160,Man,happy,middle eastern,24,801,1
13,896,175,160,160,Man,happy,middle eastern,24,801,1
14,896,175,160,160,Man,happy,middle eastern,24,801,1
15,896,175,160,160,Man,happy,middle eastern,24,801,1
16,896,175,160,160,Man,happy,middle eastern,24,801,1
17,896,175,160,160,Man,happy,middle eastern,24,801,1
0,890,170,156,156,Man,happy,middle eastern,25,802,1
1,890,170,156,156,Man,happy,middle eastern,25,802,1
2,890,170,156,156,Man,happy,middle eastern,25,802,1
3,890,170,156,156,Man,happy,middle eastern,25,802,1
4,890,170,156,156,Man,happy,middle eastern,25,802,1
5,890,170,156,156,Man,happy,middle eastern,25,802,1
6,890,170,156,156,Man,happy,middle eastern,25,802,1
7,890,170,156,156,Man,happy,middle eastern,25,802,1
8,890,170,156,156,Man,happy,middle eastern,25,802,1
9,890,170,156,156,Man,happy,middle eastern,25,802,1
10,890,170,156,156,Man,happy,middle eastern,25,802,1
11,890,170,156,156,Man,happy,middle eastern,25,802,1
12,890,170,156,156,Man,happy,middle eastern,25,802,1
13,890,170,156,156,Man,happy,middle eastern,25,802,1
14,890,170,156,156,Man,happy,middle eastern,25,802,1
15,890,170,156,156,Man,happy,middle eastern,25,802,1
16,890,170,156,156,Man,happy,middle eastern,25,802,1
17,890,170,156,156,Man,happy,middle eastern,25,802,1
0,884,167,155,155,Man,happy,middle eastern,24,803,1
1,884,167,155,155,Man,happy,middle eastern,24,803,1
2,884,167,155,155,Man,happy,middle eastern,24,803,1
3,884,167,155,155,Man,happy,middle eastern,24,803,1
4,884,167,155,155,Man,happy,middle eastern,24,803,1
5,884,167,155,155,Man,happy,middle eastern,24,803,1
6,884,167,155,155,Man,happy,middle eastern,24,803,1
7,884,167,155,155,Man,happy,middle eastern,24,803,1
8,884,167,155,155,Man,happy,middle eastern,24,803,1
9,884,167,155,155,Man,happy,middle eastern,24,803,1
10,884,167,155,155,Man,happy,middle eastern,24,803,1
11,884,167,155,155,Man,happy,middle eastern,24,803,1
12,884,167,155,155,Man,happy,middle eastern,24,803,1
13,884,167,155,155,Man,happy,middle eastern,24,803,1
14,884,167,155,155,Man,happy,middle eastern,24,803,1
15,884,167,155,155,Man,happy,middle eastern,24,803,1
16,884,167,155,155,Man,happy,middle eastern,24,803,1
17,884,167,155,155,Man,happy,middle eastern,24,803,1
0,880,172,151,151,Man,happy,middle eastern,25,804,1
1,880,172,151,151,Man,happy,middle eastern,25,804,1
2,880,172,151,151,Man,happy,middle eastern,25,804,1
3,880,172,151,151,Man,happy,middle eastern,25,804,1
4,880,172,151,151,Man,happy,middle eastern,25,804,1
5,880,172,151,151,Man,happy,middle eastern,25,804,1
6,880,172,151,151,Man,happy,middle eastern,25,804,1
7,880,172,151,151,Man,happy,middle eastern,25,804,1
8,880,172,151,151,Man,happy,middle eastern,25,804,1
9,880,172,151,151,Man,happy,middle eastern,25,804,1
10,880,172,151,151,Man,happy,middle eastern,25,804,1
11,880,172,151,151,Man,happy,middle eastern,25,804,1
12,880,172,151,151,Man,happy,middle eastern,25,804,1
13,880,172,151,151,Man,happy,middle eastern,25,804,1
14,880,172,151,151,Man,happy,middle eastern,25,804,1
15,880,172,151,151,Man,happy,middle eastern,25,804,1
16,880,172,151,151,Man,happy,middle eastern,25,804,1
17,880,172,151,151,Man,happy,middle eastern,25,804,1
0,872,174,158,158,Man,happy,middle eastern,24,805,1
1,872,174,158,158,Man,happy,middle eastern,24,805,1
2,872,174,158,158,Man,happy,middle eastern,24,805,1
3,872,174,158,158,Man,happy,middle eastern,24,805,1
4,872,174,158,158,Man,happy,middle eastern,24,805,1
5,872,174,158,158,Man,happy,middle eastern,24,805,1
6,872,174,158,158,Man,happy,middle eastern,24,805,1
7,872,174,158,158,Man,happy,middle eastern,24,805,1
8,872,174,158,158,Man,happy,middle eastern,24,805,1
9,872,174,158,158,Man,happy,middle eastern,24,805,1
10,872,174,158,158,Man,happy,middle eastern,24,805,1
11,872,174,158,158,Man,happy,middle eastern,24,805,1
12,872,174,158,158,Man,happy,middle eastern,24,805,1
13,872,174,158,158,Man,happy,middle eastern,24,805,1
14,872,174,158,158,Man,happy,middle eastern,24,805,1
15,872,174,158,158,Man,happy,middle eastern,24,805,1
16,872,174,158,158,Man,happy,middle eastern,24,805,1
17,872,174,158,158,Man,happy,middle eastern,24,805,1
0,867,180,166,166,Man,happy,middle eastern,25,806,1
1,867,180,166,166,Man,happy,middle eastern,25,806,1
2,867,180,166,166,Man,happy,middle eastern,25,806,1
3,867,180,166,166,Man,happy,middle eastern,25,806,1
4,867,180,166,166,Man,happy,middle eastern,25,806,1
5,867,180,166,166,Man,happy,middle eastern,25,806,1
6,867,180,166,166,Man,happy,middle eastern,25,806,1
7,867,180,166,166,Man,happy,middle eastern,25,806,1
8,867,180,166,166,Man,happy,middle eastern,25,806,1
9,867,180,166,166,Man,happy,middle eastern,25,806,1
10,867,180,166,166,Man,happy,middle eastern,25,806,1
11,867,180,166,166,Man,happy,middle eastern,25,806,1
12,867,180,166,166,Man,happy,middle eastern,25,806,1
13,867,180,166,166,Man,happy,middle eastern,25,806,1
14,867,180,166,166,Man,happy,middle eastern,25,806,1
15,867,180,166,166,Man,happy,middle eastern,25,806,1
16,867,180,166,166,Man,happy,middle eastern,25,806,1
17,867,180,166,166,Man,happy,middle eastern,25,806,1
0,877,199,147,147,Man,happy,middle eastern,27,807,1
1,877,199,147,147,Man,happy,middle eastern,27,807,1
2,877,199,147,147,Man,happy,middle eastern,27,807,1
3,877,199,147,147,Man,happy,middle eastern,27,807,1
4,877,199,147,147,Man,happy,middle eastern,27,807,1
5,877,199,147,147,Man,happy,middle eastern,27,807,1
6,877,199,147,147,Man,happy,middle eastern,27,807,1
7,877,199,147,147,Man,happy,middle eastern,27,807,1
8,877,199,147,147,Man,happy,middle eastern,27,807,1
9,877,199,147,147,Man,happy,middle eastern,27,807,1
10,877,199,147,147,Man,happy,middle eastern,27,807,1
11,877,199,147,147,Man,happy,middle eastern,27,807,1
12,877,199,147,147,Man,happy,middle eastern,27,807,1
13,877,199,147,147,Man,happy,middle eastern,27,807,1
14,877,199,147,147,Man,happy,middle eastern,27,807,1
15,877,199,147,147,Man,happy,middle eastern,27,807,1
16,877,199,147,147,Man,happy,middle eastern,27,807,1
17,877,199,147,147,Man,happy,middle eastern,27,807,1
0,874,203,151,151,Man,happy,latino hispanic,25,808,1
1,874,203,151,151,Man,happy,latino hispanic,25,808,1
2,874,203,151,151,Man,happy,latino hispanic,25,808,1
3,874,203,151,151,Man,happy,latino hispanic,25,808,1
4,874,203,151,151,Man,happy,latino hispanic,25,808,1
5,874,203,151,151,Man,happy,latino hispanic,25,808,1
6,874,203,151,151,Man,happy,latino hispanic,25,808,1
7,874,203,151,151,Man,happy,latino hispanic,25,808,1
8,874,203,151,151,Man,happy,latino hispanic,25,808,1
9,874,203,151,151,Man,happy,latino hispanic,25,808,1
10,874,203,151,151,Man,happy,latino hispanic,25,808,1
11,874,203,151,151,Man,happy,latino hispanic,25,808,1
12,874,203,151,151,Man,happy,latino hispanic,25,808,1
13,874,203,151,151,Man,happy,latino hispanic,25,808,1
14,874,203,151,151,Man,happy,latino hispanic,25,808,1
15,874,203,151,151,Man,happy,latino hispanic,25,808,1
16,874,203,151,151,Man,happy,latino hispanic,25,808,1
17,874,203,151,151,Man,happy,latino hispanic,25,808,1
18,874,203,151,151,Man,happy,latino hispanic,25,808,1
19,874,203,151,151,Man,happy,latino hispanic,25,808,1
0,877,211,145,145,Man,happy,middle eastern,26,809,0
1,877,211,145,145,Man,happy,middle eastern,26,809,0
2,877,211,145,145,Man,happy,middle eastern,26,809,0
3,877,211,145,145,Man,happy,middle eastern,26,809,0
4,877,211,145,145,Man,happy,middle eastern,26,809,0
5,877,211,145,145,Man,happy,middle eastern,26,809,0
6,877,211,145,145,Man,happy,middle eastern,26,809,0
7,877,211,145,145,Man,happy,middle eastern,26,809,0
8,877,211,145,145,Man,happy,middle eastern,26,809,0
9,877,211,145,145,Man,happy,middle eastern,26,809,0
10,877,211,145,145,Man,happy,middle eastern,26,809,0
11,877,211,145,145,Man,happy,middle eastern,26,809,0
12,877,211,145,145,Man,happy,middle eastern,26,809,0
13,877,211,145,145,Man,happy,middle eastern,26,809,0
14,877,211,145,145,Man,happy,middle eastern,26,809,0
15,877,211,145,145,Man,happy,middle eastern,26,809,0
16,877,211,145,145,Man,happy,middle eastern,26,809,0
17,877,211,145,145,Man,happy,middle eastern,26,809,0
18,877,211,145,145,Man,happy,middle eastern,26,809,0
19,877,211,145,145,Man,happy,middle eastern,26,809,0
20,877,211,145,145,Man,happy,middle eastern,26,809,0
0,876,205,150,150,Man,happy,black,26,810,0
1,876,205,150,150,Man,happy,black,26,810,0
2,876,205,150,150,Man,happy,black,26,810,0
3,876,205,150,150,Man,happy,black,26,810,0
4,876,205,150,150,Man,happy,black,26,810,0
5,876,205,150,150,Man,happy,black,26,810,0
6,876,205,150,150,Man,happy,black,26,810,0
7,876,205,150,150,Man,happy,black,26,810,0
8,876,205,150,150,Man,happy,black,26,810,0
9,876,205,150,150,Man,happy,black,26,810,0
10,876,205,150,150,Man,happy,black,26,810,0
11,876,205,150,150,Man,happy,black,26,810,0
12,876,205,150,150,Man,happy,black,26,810,0
13,876,205,150,150,Man,happy,black,26,810,0
14,876,205,150,150,Man,happy,black,26,810,0
15,876,205,150,150,Man,happy,black,26,810,0
16,876,205,150,150,Man,happy,black,26,810,0
17,876,205,150,150,Man,happy,black,26,810,0
18,876,205,150,150,Man,happy,black,26,810,0
19,876,205,150,150,Man,happy,black,26,810,0
0,872,198,154,154,Man,happy,middle eastern,26,811,1
1,872,198,154,154,Man,happy,middle eastern,26,811,1
2,872,198,154,154,Man,happy,middle eastern,26,811,1
3,872,198,154,154,Man,happy,middle eastern,26,811,1
4,872,198,154,154,Man,happy,middle eastern,26,811,1
5,872,198,154,154,Man,happy,middle eastern,26,811,1
6,872,198,154,154,Man,happy,middle eastern,26,811,1
7,872,198,154,154,Man,happy,middle eastern,26,811,1
8,872,198,154,154,Man,happy,middle eastern,26,811,1
9,872,198,154,154,Man,happy,middle eastern,26,811,1
10,872,198,154,154,Man,happy,middle eastern,26,811,1
11,872,198,154,154,Man,happy,middle eastern,26,811,1
12,872,198,154,154,Man,happy,middle eastern,26,811,1
13,872,198,154,154,Man,happy,middle eastern,26,811,1
14,872,198,154,154,Man,happy,middle eastern,26,811,1
15,872,198,154,154,Man,happy,middle eastern,26,811,1
16,872,198,154,154,Man,happy,middle eastern,26,811,1
17,872,198,154,154,Man,happy,middle eastern,26,811,1
18,872,198,154,154,Man,happy,middle eastern,26,811,1
19,872,198,154,154,Man,happy,middle eastern,26,811,1
0,875,192,148,148,Man,happy,middle eastern,29,812,1
1,875,192,148,148,Man,happy,middle eastern,29,812,1
2,875,192,148,148,Man,happy,middle eastern,29,812,1
3,875,192,148,148,Man,happy,middle eastern,29,812,1
4,875,192,148,148,Man,happy,middle eastern,29,812,1
5,875,192,148,148,Man,happy,middle eastern,29,812,1
6,875,192,148,148,Man,happy,middle eastern,29,812,1
7,875,192,148,148,Man,happy,middle eastern,29,812,1
8,875,192,148,148,Man,happy,middle eastern,29,812,1
9,875,192,148,148,Man,happy,middle eastern,29,812,1
10,875,192,148,148,Man,happy,middle eastern,29,812,1
11,875,192,148,148,Man,happy,middle eastern,29,812,1
12,875,192,148,148,Man,happy,middle eastern,29,812,1
13,875,192,148,148,Man,happy,middle eastern,29,812,1
14,875,192,148,148,Man,happy,middle eastern,29,812,1
15,875,192,148,148,Man,happy,middle eastern,29,812,1
16,875,192,148,148,Man,happy,middle eastern,29,812,1
17,875,192,148,148,Man,happy,middle eastern,29,812,1
0,864,178,159,159,Man,happy,middle eastern,31,813,1
1,864,178,159,159,Man,happy,middle eastern,31,813,1
2,864,178,159,159,Man,happy,middle eastern,31,813,1
3,864,178,159,159,Man,happy,middle eastern,31,813,1
4,864,178,159,159,Man,happy,middle eastern,31,813,1
5,864,178,159,159,Man,happy,middle eastern,31,813,1
6,864,178,159,159,Man,happy,middle eastern,31,813,1
7,864,178,159,159,Man,happy,middle eastern,31,813,1
8,864,178,159,159,Man,happy,middle eastern,31,813,1
9,864,178,159,159,Man,happy,middle eastern,31,813,1
10,864,178,159,159,Man,happy,middle eastern,31,813,1
11,864,178,159,159,Man,happy,middle eastern,31,813,1
12,864,178,159,159,Man,happy,middle eastern,31,813,1
13,864,178,159,159,Man,happy,middle eastern,31,813,1
14,864,178,159,159,Man,happy,middle eastern,31,813,1
15,864,178,159,159,Man,happy,middle eastern,31,813,1
16,864,178,159,159,Man,happy,middle eastern,31,813,1
17,864,178,159,159,Man,happy,middle eastern,31,813,1
18,864,178,159,159,Man,happy,middle eastern,31,813,1
19,864,178,159,159,Man,happy,middle eastern,31,813,1
0,859,168,158,158,Man,happy,middle eastern,30,814,1
1,859,168,158,158,Man,happy,middle eastern,30,814,1
2,859,168,158,158,Man,happy,middle eastern,30,814,1
3,859,168,158,158,Man,happy,middle eastern,30,814,1
4,859,168,158,158,Man,happy,middle eastern,30,814,1
5,859,168,158,158,Man,happy,middle eastern,30,814,1
6,859,168,158,158,Man,happy,middle eastern,30,814,1
7,859,168,158,158,Man,happy,middle eastern,30,814,1
8,859,168,158,158,Man,happy,middle eastern,30,814,1
9,859,168,158,158,Man,happy,middle eastern,30,814,1
10,859,168,158,158,Man,happy,middle eastern,30,814,1
11,859,168,158,158,Man,happy,middle eastern,30,814,1
12,859,168,158,158,Man,happy,middle eastern,30,814,1
13,859,168,158,158,Man,happy,middle eastern,30,814,1
14,859,168,158,158,Man,happy,middle eastern,30,814,1
15,859,168,158,158,Man,happy,middle eastern,30,814,1
16,859,168,158,158,Man,happy,middle eastern,30,814,1
17,859,168,158,158,Man,happy,middle eastern,30,814,1
18,859,168,158,158,Man,happy,middle eastern,30,814,1
19,859,168,158,158,Man,happy,middle eastern,30,814,1
0,852,164,152,152,Man,happy,middle eastern,28,815,1
1,852,164,152,152,Man,happy,middle eastern,28,815,1
2,852,164,152,152,Man,happy,middle eastern,28,815,1
3,852,164,152,152,Man,happy,middle eastern,28,815,1
4,852,164,152,152,Man,happy,middle eastern,28,815,1
5,852,164,152,152,Man,happy,middle eastern,28,815,1
6,852,164,152,152,Man,happy,middle eastern,28,815,1
7,852,164,152,152,Man,happy,middle eastern,28,815,1
8,852,164,152,152,Man,happy,middle eastern,28,815,1
9,852,164,152,152,Man,happy,middle eastern,28,815,1
10,852,164,152,152,Man,happy,middle eastern,28,815,1
11,852,164,152,152,Man,happy,middle eastern,28,815,1
12,852,164,152,152,Man,happy,middle eastern,28,815,1
13,852,164,152,152,Man,happy,middle eastern,28,815,1
14,852,164,152,152,Man,happy,middle eastern,28,815,1
15,852,164,152,152,Man,happy,middle eastern,28,815,1
16,852,164,152,152,Man,happy,middle eastern,28,815,1
17,852,164,152,152,Man,happy,middle eastern,28,815,1
18,852,164,152,152,Man,happy,middle eastern,28,815,1
19,852,164,152,152,Man,happy,middle eastern,28,815,1
0,845,159,150,150,Man,happy,middle eastern,27,816,1
1,845,159,150,150,Man,happy,middle eastern,27,816,1
2,845,159,150,150,Man,happy,middle eastern,27,816,1
3,845,159,150,150,Man,happy,middle eastern,27,816,1
4,845,159,150,150,Man,happy,middle eastern,27,816,1
5,845,159,150,150,Man,happy,middle eastern,27,816,1
6,845,159,150,150,Man,happy,middle eastern,27,816,1
7,845,159,150,150,Man,happy,middle eastern,27,816,1
8,845,159,150,150,Man,happy,middle eastern,27,816,1
9,845,159,150,150,Man,happy,middle eastern,27,816,1
10,845,159,150,150,Man,happy,middle eastern,27,816,1
11,845,159,150,150,Man,happy,middle eastern,27,816,1
12,845,159,150,150,Man,happy,middle eastern,27,816,1
13,845,159,150,150,Man,happy,middle eastern,27,816,1
14,845,159,150,150,Man,happy,middle eastern,27,816,1
15,845,159,150,150,Man,happy,middle eastern,27,816,1
16,845,159,150,150,Man,happy,middle eastern,27,816,1
17,845,159,150,150,Man,happy,middle eastern,27,816,1
0,825,159,156,156,Man,happy,middle eastern,29,818,1
1,825,159,156,156,Man,happy,middle eastern,29,818,1
2,825,159,156,156,Man,happy,middle eastern,29,818,1
3,825,159,156,156,Man,happy,middle eastern,29,818,1
4,825,159,156,156,Man,happy,middle eastern,29,818,1
5,825,159,156,156,Man,happy,middle eastern,29,818,1
6,825,159,156,156,Man,happy,middle eastern,29,818,1
7,825,159,156,156,Man,happy,middle eastern,29,818,1
8,825,159,156,156,Man,happy,middle eastern,29,818,1
9,825,159,156,156,Man,happy,middle eastern,29,818,1
10,825,159,156,156,Man,happy,middle eastern,29,818,1
11,825,159,156,156,Man,happy,middle eastern,29,818,1
12,825,159,156,156,Man,happy,middle eastern,29,818,1
13,825,159,156,156,Man,happy,middle eastern,29,818,1
14,825,159,156,156,Man,happy,middle eastern,29,818,1
15,825,159,156,156,Man,happy,middle eastern,29,818,1
16,825,159,156,156,Man,happy,middle eastern,29,818,1
17,825,159,156,156,Man,happy,middle eastern,29,818,1
18,825,159,156,156,Man,happy,middle eastern,29,818,1
19,825,159,156,156,Man,happy,middle eastern,29,818,1
0,807,159,168,168,Man,happy,middle eastern,30,819,1
1,807,159,168,168,Man,happy,middle eastern,30,819,1
2,807,159,168,168,Man,happy,middle eastern,30,819,1
3,807,159,168,168,Man,happy,middle eastern,30,819,1
4,807,159,168,168,Man,happy,middle eastern,30,819,1
5,807,159,168,168,Man,happy,middle eastern,30,819,1
6,807,159,168,168,Man,happy,middle eastern,30,819,1
7,807,159,168,168,Man,happy,middle eastern,30,819,1
8,807,159,168,168,Man,happy,middle eastern,30,819,1
9,807,159,168,168,Man,happy,middle eastern,30,819,1
10,807,159,168,168,Man,happy,middle eastern,30,819,1
11,807,159,168,168,Man,happy,middle eastern,30,819,1
12,807,159,168,168,Man,happy,middle eastern,30,819,1
13,807,159,168,168,Man,happy,middle eastern,30,819,1
14,807,159,168,168,Man,happy,middle eastern,30,819,1
15,807,159,168,168,Man,happy,middle eastern,30,819,1
16,807,159,168,168,Man,happy,middle eastern,30,819,1
17,807,159,168,168,Man,happy,middle eastern,30,819,1
18,807,159,168,168,Man,happy,middle eastern,30,819,1
19,807,159,168,168,Man,happy,middle eastern,30,819,1
20,807,159,168,168,Man,happy,middle eastern,30,819,1
21,807,159,168,168,Man,happy,middle eastern,30,819,1
0,799,172,161,161,Man,happy,middle eastern,29,820,1
1,799,172,161,161,Man,happy,middle eastern,29,820,1
2,799,172,161,161,Man,happy,middle eastern,29,820,1
3,799,172,161,161,Man,happy,middle eastern,29,820,1
4,799,172,161,161,Man,happy,middle eastern,29,820,1
5,799,172,161,161,Man,happy,middle eastern,29,820,1
6,799,172,161,161,Man,happy,middle eastern,29,820,1
7,799,172,161,161,Man,happy,middle eastern,29,820,1
8,799,172,161,161,Man,happy,middle eastern,29,820,1
9,799,172,161,161,Man,happy,middle eastern,29,820,1
10,799,172,161,161,Man,happy,middle eastern,29,820,1
11,799,172,161,161,Man,happy,middle eastern,29,820,1
12,799,172,161,161,Man,happy,middle eastern,29,820,1
13,799,172,161,161,Man,happy,middle eastern,29,820,1
14,799,172,161,161,Man,happy,middle eastern,29,820,1
15,799,172,161,161,Man,happy,middle eastern,29,820,1
16,799,172,161,161,Man,happy,middle eastern,29,820,1
17,799,172,161,161,Man,happy,middle eastern,29,820,1
18,799,172,161,161,Man,happy,middle eastern,29,820,1
19,799,172,161,161,Man,happy,middle eastern,29,820,1
0,784,179,164,164,Man,happy,middle eastern,32,821,1
1,784,179,164,164,Man,happy,middle eastern,32,821,1
2,784,179,164,164,Man,happy,middle eastern,32,821,1
3,784,179,164,164,Man,happy,middle eastern,32,821,1
4,784,179,164,164,Man,happy,middle eastern,32,821,1
5,784,179,164,164,Man,happy,middle eastern,32,821,1
6,784,179,164,164,Man,happy,middle eastern,32,821,1
7,784,179,164,164,Man,happy,middle eastern,32,821,1
8,784,179,164,164,Man,happy,middle eastern,32,821,1
9,784,179,164,164,Man,happy,middle eastern,32,821,1
10,784,179,164,164,Man,happy,middle eastern,32,821,1
11,784,179,164,164,Man,happy,middle eastern,32,821,1
12,784,179,164,164,Man,happy,middle eastern,32,821,1
13,784,179,164,164,Man,happy,middle eastern,32,821,1
14,784,179,164,164,Man,happy,middle eastern,32,821,1
15,784,179,164,164,Man,happy,middle eastern,32,821,1
16,784,179,164,164,Man,happy,middle eastern,32,821,1
17,784,179,164,164,Man,happy,middle eastern,32,821,1
18,784,179,164,164,Man,happy,middle eastern,32,821,1
19,784,179,164,164,Man,happy,middle eastern,32,821,1
0,747,193,170,170,Man,happy,middle eastern,30,823,1
1,747,193,170,170,Man,happy,middle eastern,30,823,1
2,747,193,170,170,Man,happy,middle eastern,30,823,1
3,747,193,170,170,Man,happy,middle eastern,30,823,1
4,747,193,170,170,Man,happy,middle eastern,30,823,1
5,747,193,170,170,Man,happy,middle eastern,30,823,1
6,747,193,170,170,Man,happy,middle eastern,30,823,1
7,747,193,170,170,Man,happy,middle eastern,30,823,1
8,747,193,170,170,Man,happy,middle eastern,30,823,1
9,747,193,170,170,Man,happy,middle eastern,30,823,1
10,747,193,170,170,Man,happy,middle eastern,30,823,1
11,747,193,170,170,Man,happy,middle eastern,30,823,1
12,747,193,170,170,Man,happy,middle eastern,30,823,1
13,747,193,170,170,Man,happy,middle eastern,30,823,1
14,747,193,170,170,Man,happy,middle eastern,30,823,1
15,747,193,170,170,Man,happy,middle eastern,30,823,1
16,747,193,170,170,Man,happy,middle eastern,30,823,1
17,747,193,170,170,Man,happy,middle eastern,30,823,1
18,747,193,170,170,Man,happy,middle eastern,30,823,1
19,747,193,170,170,Man,happy,middle eastern,30,823,1
0,732,200,161,161,Man,happy,latino hispanic,30,824,1
1,732,200,161,161,Man,happy,latino hispanic,30,824,1
2,732,200,161,161,Man,happy,latino hispanic,30,824,1
3,732,200,161,161,Man,happy,latino hispanic,30,824,1
4,732,200,161,161,Man,happy,latino hispanic,30,824,1
5,732,200,161,161,Man,happy,latino hispanic,30,824,1
6,732,200,161,161,Man,happy,latino hispanic,30,824,1
7,732,200,161,161,Man,happy,latino hispanic,30,824,1
8,732,200,161,161,Man,happy,latino hispanic,30,824,1
9,732,200,161,161,Man,happy,latino hispanic,30,824,1
10,732,200,161,161,Man,happy,latino hispanic,30,824,1
11,732,200,161,161,Man,happy,latino hispanic,30,824,1
12,732,200,161,161,Man,happy,latino hispanic,30,824,1
13,732,200,161,161,Man,happy,latino hispanic,30,824,1
14,732,200,161,161,Man,happy,latino hispanic,30,824,1
15,732,200,161,161,Man,happy,latino hispanic,30,824,1
16,732,200,161,161,Man,happy,latino hispanic,30,824,1
17,732,200,161,161,Man,happy,latino hispanic,30,824,1
18,732,200,161,161,Man,happy,latino hispanic,30,824,1
19,732,200,161,161,Man,happy,latino hispanic,30,824,1
0,718,198,161,161,Man,happy,latino hispanic,29,825,1
1,718,198,161,161,Man,happy,latino hispanic,29,825,1
2,718,198,161,161,Man,happy,latino hispanic,29,825,1
3,718,198,161,161,Man,happy,latino hispanic,29,825,1
4,718,198,161,161,Man,happy,latino hispanic,29,825,1
5,718,198,161,161,Man,happy,latino hispanic,29,825,1
6,718,198,161,161,Man,happy,latino hispanic,29,825,1
7,718,198,161,161,Man,happy,latino hispanic,29,825,1
8,718,198,161,161,Man,happy,latino hispanic,29,825,1
9,718,198,161,161,Man,happy,latino hispanic,29,825,1
10,718,198,161,161,Man,happy,latino hispanic,29,825,1
11,718,198,161,161,Man,happy,latino hispanic,29,825,1
12,718,198,161,161,Man,happy,latino hispanic,29,825,1
13,718,198,161,161,Man,happy,latino hispanic,29,825,1
14,718,198,161,161,Man,happy,latino hispanic,29,825,1
15,718,198,161,161,Man,happy,latino hispanic,29,825,1
16,718,198,161,161,Man,happy,latino hispanic,29,825,1
17,718,198,161,161,Man,happy,latino hispanic,29,825,1
18,718,198,161,161,Man,happy,latino hispanic,29,825,1
19,718,198,161,161,Man,happy,latino hispanic,29,825,1
0,701,190,166,166,Man,happy,latino hispanic,28,826,1
1,701,190,166,166,Man,happy,latino hispanic,28,826,1
2,701,190,166,166,Man,happy,latino hispanic,28,826,1
3,701,190,166,166,Man,happy,latino hispanic,28,826,1
4,701,190,166,166,Man,happy,latino hispanic,28,826,1
5,701,190,166,166,Man,happy,latino hispanic,28,826,1
6,701,190,166,166,Man,happy,latino hispanic,28,826,1
7,701,190,166,166,Man,happy,latino hispanic,28,826,1
8,701,190,166,166,Man,happy,latino hispanic,28,826,1
9,701,190,166,166,Man,happy,latino hispanic,28,826,1
10,701,190,166,166,Man,happy,latino hispanic,28,826,1
11,701,190,166,166,Man,happy,latino hispanic,28,826,1
12,701,190,166,166,Man,happy,latino hispanic,28,826,1
13,701,190,166,166,Man,happy,latino hispanic,28,826,1
14,701,190,166,166,Man,happy,latino hispanic,28,826,1
15,701,190,166,166,Man,happy,latino hispanic,28,826,1
16,701,190,166,166,Man,happy,latino hispanic,28,826,1
17,701,190,166,166,Man,happy,latino hispanic,28,826,1
18,701,190,166,166,Man,happy,latino hispanic,28,826,1
19,701,190,166,166,Man,happy,latino hispanic,28,826,1
